"GHO (CODE)","GHO (DISPLAY)","GHO (URL)","DATASOURCE (CODE)","DATASOURCE (DISPLAY)","DATASOURCE (URL)","PUBLISHSTATE (CODE)","PUBLISHSTATE (DISPLAY)","PUBLISHSTATE (URL)","YEAR (CODE)","YEAR (DISPLAY)","YEAR (URL)","REGION (CODE)","REGION (DISPLAY)","REGION (URL)","COUNTRY (CODE)","COUNTRY (DISPLAY)","COUNTRY (URL)","Display Value","Numeric","Low","High","StdErr","StdDev","Comments"
"SA_0000001695","Cautions and arrests for public drunkenness, per 100,000 population","https://www.who.int/data/gho/indicator-metadata-registry/imr-details/2321","SA_0000001695_BHR","Data source","","PUBLISHED","Published","","2010","2010","","EMR","Eastern Mediterranean","","BHR","Bahrain","","8.3","","","","","",""
"SA_0000001695","Cautions and arrests for public drunkenness, per 100,000 population","https://www.who.int/data/gho/indicator-metadata-registry/imr-details/2321","SA_0000001695_BHR","Data source","","PUBLISHED","Published","","2007","2007","","EMR","Eastern Mediterranean","","BHR","Bahrain","","26.7","","","","","",""
"SA_0000001695","Cautions and arrests for public drunkenness, per 100,000 population","https://www.who.int/data/gho/indicator-metadata-registry/imr-details/2321","SA_0000001695_BHR","Data source","","PUBLISHED","Published","","2009","2009","","EMR","Eastern Mediterranean","","BHR","Bahrain","","7.9","","","","","",""
"SA_0000001695","Cautions and arrests for public drunkenness, per 100,000 population","https://www.who.int/data/gho/indicator-metadata-registry/imr-details/2321","SA_0000001695_BHR","Data source","","PUBLISHED","Published","","2011","2011","","EMR","Eastern Mediterranean","","BHR","Bahrain","","11.2","","","","","",""
"SA_0000001695","Cautions and arrests for public drunkenness, per 100,000 population","https://www.who.int/data/gho/indicator-metadata-registry/imr-details/2321","SA_0000001695_BHR","Data source","","PUBLISHED","Published","","2013","2013","","EMR","Eastern Mediterranean","","BHR","Bahrain","","9.7","","","","","",""
"SA_0000001695","Cautions and arrests for public drunkenness, per 100,000 population","https://www.who.int/data/gho/indicator-metadata-registry/imr-details/2321","SA_0000001695_BHR","Data source","","PUBLISHED","Published","","2008","2008","","EMR","Eastern Mediterranean","","BHR","Bahrain","","17.4","","","","","",""
"SA_0000001695","Cautions and arrests for public drunkenness, per 100,000 population","https://www.who.int/data/gho/indicator-metadata-registry/imr-details/2321","SA_0000001695_BHR","Data source","","PUBLISHED","Published","","2012","2012","","EMR","Eastern Mediterranean","","BHR","Bahrain","","11.8","","","","","",""
"SA_0000001695","Cautions and arrests for public drunkenness, per 100,000 population","https://www.who.int/data/gho/indicator-metadata-registry/imr-details/2321","SA_0000001695_BHR","Data source","","PUBLISHED","Published","","2014","2014","","EMR","Eastern Mediterranean","","BHR","Bahrain","","5.7","","","","","",""
"SA_0000001695","Cautions and arrests for public drunkenness, per 100,000 population","https://www.who.int/data/gho/indicator-metadata-registry/imr-details/2321","SA_0000001695_BTN","Data source","","PUBLISHED","Published","","2009","2009","","SEAR","South-East Asia","","BTN","Bhutan","","0.6","","","","","",""
"SA_0000001695","Cautions and arrests for public drunkenness, per 100,000 population","https://www.who.int/data/gho/indicator-metadata-registry/imr-details/2321","SA_0000001695_BTN","Data source","","PUBLISHED","Published","","2010","2010","","SEAR","South-East Asia","","BTN","Bhutan","","1.2","","","","","",""
"SA_0000001695","Cautions and arrests for public drunkenness, per 100,000 population","https://www.who.int/data/gho/indicator-metadata-registry/imr-details/2321","SA_0000001695_BTN","Data source","","PUBLISHED","Published","","2008","2008","","SEAR","South-East Asia","","BTN","Bhutan","","0.6","","","","","",""
"SA_0000001695","Cautions and arrests for public drunkenness, per 100,000 population","https://www.who.int/data/gho/indicator-metadata-registry/imr-details/2321","SA_0000001695_BTN","Data source","","PUBLISHED","Published","","2007","2007","","SEAR","South-East Asia","","BTN","Bhutan","","0","","","","","",""
"SA_0000001695","Cautions and arrests for public drunkenness, per 100,000 population","https://www.who.int/data/gho/indicator-metadata-registry/imr-details/2321","SA_0000001695_BTN","Data source","","PUBLISHED","Published","","2011","2011","","SEAR","South-East Asia","","BTN","Bhutan","","0.5","","","","","",""
"SA_0000001695","Cautions and arrests for public drunkenness, per 100,000 population","https://www.who.int/data/gho/indicator-metadata-registry/imr-details/2321","SA_0000001695_BTN","Data source","","PUBLISHED","Published","","2006","2006","","SEAR","South-East Asia","","BTN","Bhutan","","0.1","","","","","",""
"SA_0000001695","Cautions and arrests for public drunkenness, per 100,000 population","https://www.who.int/data/gho/indicator-metadata-registry/imr-details/2321","SA_0000001695_BTN","Data source","","PUBLISHED","Published","","2012","2012","","SEAR","South-East Asia","","BTN","Bhutan","","1.1","","","","","",""
"SA_0000001695","Cautions and arrests for public drunkenness, per 100,000 population","https://www.who.int/data/gho/indicator-metadata-registry/imr-details/2321","SA_0000001695_BTN","Data source","","PUBLISHED","Published","","2005","2005","","SEAR","South-East Asia","","BTN","Bhutan","","0.5","","","","","",""
"SA_0000001695","Cautions and arrests for public drunkenness, per 100,000 population","https://www.who.int/data/gho/indicator-metadata-registry/imr-details/2321","SA_0000001695_CHL","Data source","","PUBLISHED","Published","","2013","2013","","AMR","Americas","","CHL","Chile","","0","","","","","",""
"SA_0000001695","Cautions and arrests for public drunkenness, per 100,000 population","https://www.who.int/data/gho/indicator-metadata-registry/imr-details/2321","SA_0000001695_CHL","Data source","","PUBLISHED","Published","","2008","2008","","AMR","Americas","","CHL","Chile","","0","","","","","",""
"SA_0000001695","Cautions and arrests for public drunkenness, per 100,000 population","https://www.who.int/data/gho/indicator-metadata-registry/imr-details/2321","SA_0000001695_CHL","Data source","","PUBLISHED","Published","","2011","2011","","AMR","Americas","","CHL","Chile","","0.2","","","","","",""
"SA_0000001695","Cautions and arrests for public drunkenness, per 100,000 population","https://www.who.int/data/gho/indicator-metadata-registry/imr-details/2321","SA_0000001695_CHL","Data source","","PUBLISHED","Published","","2012","2012","","AMR","Americas","","CHL","Chile","","0.7","","","","","",""
"SA_0000001695","Cautions and arrests for public drunkenness, per 100,000 population","https://www.who.int/data/gho/indicator-metadata-registry/imr-details/2321","SA_0000001695_CHL","Data source","","PUBLISHED","Published","","2014","2014","","AMR","Americas","","CHL","Chile","","0","","","","","",""
"SA_0000001695","Cautions and arrests for public drunkenness, per 100,000 population","https://www.who.int/data/gho/indicator-metadata-registry/imr-details/2321","SA_0000001695_CHL","Data source","","PUBLISHED","Published","","2009","2009","","AMR","Americas","","CHL","Chile","","0","","","","","",""
"SA_0000001695","Cautions and arrests for public drunkenness, per 100,000 population","https://www.who.int/data/gho/indicator-metadata-registry/imr-details/2321","SA_0000001695_CHL","Data source","","PUBLISHED","Published","","2010","2010","","AMR","Americas","","CHL","Chile","","0.2","","","","","",""
"SA_0000001695","Cautions and arrests for public drunkenness, per 100,000 population","https://www.who.int/data/gho/indicator-metadata-registry/imr-details/2321","SA_0000001695_COK","Data source","","PUBLISHED","Published","","1994","1994","","WPR","Western Pacific","","COK","Cook Islands","","295.9","","","","","",""
"SA_0000001695","Cautions and arrests for public drunkenness, per 100,000 population","https://www.who.int/data/gho/indicator-metadata-registry/imr-details/2321","SA_0000001695_COK","Data source","","PUBLISHED","Published","","1995","1995","","WPR","Western Pacific","","COK","Cook Islands","","218.5","","","","","",""
"SA_0000001695","Cautions and arrests for public drunkenness, per 100,000 population","https://www.who.int/data/gho/indicator-metadata-registry/imr-details/2321","SA_0000001695_COK","Data source","","PUBLISHED","Published","","1993","1993","","WPR","Western Pacific","","COK","Cook Islands","","270.7","","","","","",""
"SA_0000001695","Cautions and arrests for public drunkenness, per 100,000 population","https://www.who.int/data/gho/indicator-metadata-registry/imr-details/2321","SA_0000001695_DNK","Data source","","PUBLISHED","Published","","1997","1997","","EUR","Europe","","DNK","Denmark","","288.9","","","","","",""
"SA_0000001695","Cautions and arrests for public drunkenness, per 100,000 population","https://www.who.int/data/gho/indicator-metadata-registry/imr-details/2321","SA_0000001695_DNK","Data source","","PUBLISHED","Published","","2004","2004","","EUR","Europe","","DNK","Denmark","","71.5","","","","","",""
"SA_0000001695","Cautions and arrests for public drunkenness, per 100,000 population","https://www.who.int/data/gho/indicator-metadata-registry/imr-details/2321","SA_0000001695_DNK","Data source","","PUBLISHED","Published","","1998","1998","","EUR","Europe","","DNK","Denmark","","116.3","","","","","",""
"SA_0000001695","Cautions and arrests for public drunkenness, per 100,000 population","https://www.who.int/data/gho/indicator-metadata-registry/imr-details/2321","SA_0000001695_DNK","Data source","","PUBLISHED","Published","","1999","1999","","EUR","Europe","","DNK","Denmark","","92.1","","","","","",""
"SA_0000001695","Cautions and arrests for public drunkenness, per 100,000 population","https://www.who.int/data/gho/indicator-metadata-registry/imr-details/2321","SA_0000001695_DNK","Data source","","PUBLISHED","Published","","1994","1994","","EUR","Europe","","DNK","Denmark","","178.7","","","","","",""
"SA_0000001695","Cautions and arrests for public drunkenness, per 100,000 population","https://www.who.int/data/gho/indicator-metadata-registry/imr-details/2321","SA_0000001695_DNK","Data source","","PUBLISHED","Published","","1996","1996","","EUR","Europe","","DNK","Denmark","","307.7","","","","","",""
"SA_0000001695","Cautions and arrests for public drunkenness, per 100,000 population","https://www.who.int/data/gho/indicator-metadata-registry/imr-details/2321","SA_0000001695_DNK","Data source","","PUBLISHED","Published","","2003","2003","","EUR","Europe","","DNK","Denmark","","63.6","","","","","",""
"SA_0000001695","Cautions and arrests for public drunkenness, per 100,000 population","https://www.who.int/data/gho/indicator-metadata-registry/imr-details/2321","SA_0000001695_DNK","Data source","","PUBLISHED","Published","","2005","2005","","EUR","Europe","","DNK","Denmark","","62.4","","","","","",""
"SA_0000001695","Cautions and arrests for public drunkenness, per 100,000 population","https://www.who.int/data/gho/indicator-metadata-registry/imr-details/2321","SA_0000001695_DNK","Data source","","PUBLISHED","Published","","1990","1990","","EUR","Europe","","DNK","Denmark","","231.3","","","","","",""
"SA_0000001695","Cautions and arrests for public drunkenness, per 100,000 population","https://www.who.int/data/gho/indicator-metadata-registry/imr-details/2321","SA_0000001695_DNK","Data source","","PUBLISHED","Published","","1992","1992","","EUR","Europe","","DNK","Denmark","","216.7","","","","","",""
"SA_0000001695","Cautions and arrests for public drunkenness, per 100,000 population","https://www.who.int/data/gho/indicator-metadata-registry/imr-details/2321","SA_0000001695_DNK","Data source","","PUBLISHED","Published","","1995","1995","","EUR","Europe","","DNK","Denmark","","299","","","","","",""
"SA_0000001695","Cautions and arrests for public drunkenness, per 100,000 population","https://www.who.int/data/gho/indicator-metadata-registry/imr-details/2321","SA_0000001695_DNK","Data source","","PUBLISHED","Published","","2002","2002","","EUR","Europe","","DNK","Denmark","","65.4","","","","","",""
"SA_0000001695","Cautions and arrests for public drunkenness, per 100,000 population","https://www.who.int/data/gho/indicator-metadata-registry/imr-details/2321","SA_0000001695_DNK","Data source","","PUBLISHED","Published","","1991","1991","","EUR","Europe","","DNK","Denmark","","233.2","","","","","",""
"SA_0000001695","Cautions and arrests for public drunkenness, per 100,000 population","https://www.who.int/data/gho/indicator-metadata-registry/imr-details/2321","SA_0000001695_DNK","Data source","","PUBLISHED","Published","","1993","1993","","EUR","Europe","","DNK","Denmark","","205","","","","","",""
"SA_0000001695","Cautions and arrests for public drunkenness, per 100,000 population","https://www.who.int/data/gho/indicator-metadata-registry/imr-details/2321","SA_0000001695_DNK","Data source","","PUBLISHED","Published","","2006","2006","","EUR","Europe","","DNK","Denmark","","70","","","","","",""
"SA_0000001695","Cautions and arrests for public drunkenness, per 100,000 population","https://www.who.int/data/gho/indicator-metadata-registry/imr-details/2321","SA_0000001695_DNK","Data source","","PUBLISHED","Published","","2000","2000","","EUR","Europe","","DNK","Denmark","","81.2","","","","","",""
"SA_0000001695","Cautions and arrests for public drunkenness, per 100,000 population","https://www.who.int/data/gho/indicator-metadata-registry/imr-details/2321","SA_0000001695_DNK","Data source","","PUBLISHED","Published","","2001","2001","","EUR","Europe","","DNK","Denmark","","55.5","","","","","",""
"SA_0000001695","Cautions and arrests for public drunkenness, per 100,000 population","https://www.who.int/data/gho/indicator-metadata-registry/imr-details/2321","SA_0000001695_EST","Data source","","PUBLISHED","Published","","2007","2007","","EUR","Europe","","EST","Estonia","","1994.7","","","","","",""
"SA_0000001695","Cautions and arrests for public drunkenness, per 100,000 population","https://www.who.int/data/gho/indicator-metadata-registry/imr-details/2321","SA_0000001695_EST","Data source","","PUBLISHED","Published","","2012","2012","","EUR","Europe","","EST","Estonia","","572.4","","","","","",""
"SA_0000001695","Cautions and arrests for public drunkenness, per 100,000 population","https://www.who.int/data/gho/indicator-metadata-registry/imr-details/2321","SA_0000001695_EST","Data source","","PUBLISHED","Published","","2013","2013","","EUR","Europe","","EST","Estonia","","369.8","","","","","",""
"SA_0000001695","Cautions and arrests for public drunkenness, per 100,000 population","https://www.who.int/data/gho/indicator-metadata-registry/imr-details/2321","SA_0000001695_EST","Data source","","PUBLISHED","Published","","2008","2008","","EUR","Europe","","EST","Estonia","","1496.5","","","","","",""
"SA_0000001695","Cautions and arrests for public drunkenness, per 100,000 population","https://www.who.int/data/gho/indicator-metadata-registry/imr-details/2321","SA_0000001695_EST","Data source","","PUBLISHED","Published","","2010","2010","","EUR","Europe","","EST","Estonia","","651.4","","","","","",""
"SA_0000001695","Cautions and arrests for public drunkenness, per 100,000 population","https://www.who.int/data/gho/indicator-metadata-registry/imr-details/2321","SA_0000001695_EST","Data source","","PUBLISHED","Published","","2003","2003","","EUR","Europe","","EST","Estonia","","2411","","","","","",""
"SA_0000001695","Cautions and arrests for public drunkenness, per 100,000 population","https://www.who.int/data/gho/indicator-metadata-registry/imr-details/2321","SA_0000001695_EST","Data source","","PUBLISHED","Published","","2005","2005","","EUR","Europe","","EST","Estonia","","2227.2","","","","","",""
"SA_0000001695","Cautions and arrests for public drunkenness, per 100,000 population","https://www.who.int/data/gho/indicator-metadata-registry/imr-details/2321","SA_0000001695_EST","Data source","","PUBLISHED","Published","","2009","2009","","EUR","Europe","","EST","Estonia","","1169.4","","","","","",""
"SA_0000001695","Cautions and arrests for public drunkenness, per 100,000 population","https://www.who.int/data/gho/indicator-metadata-registry/imr-details/2321","SA_0000001695_EST","Data source","","PUBLISHED","Published","","2004","2004","","EUR","Europe","","EST","Estonia","","2252.4","","","","","",""
"SA_0000001695","Cautions and arrests for public drunkenness, per 100,000 population","https://www.who.int/data/gho/indicator-metadata-registry/imr-details/2321","SA_0000001695_EST","Data source","","PUBLISHED","Published","","2006","2006","","EUR","Europe","","EST","Estonia","","1982.4","","","","","",""
"SA_0000001695","Cautions and arrests for public drunkenness, per 100,000 population","https://www.who.int/data/gho/indicator-metadata-registry/imr-details/2321","SA_0000001695_EST","Data source","","PUBLISHED","Published","","2011","2011","","EUR","Europe","","EST","Estonia","","707.5","","","","","",""
"SA_0000001695","Cautions and arrests for public drunkenness, per 100,000 population","https://www.who.int/data/gho/indicator-metadata-registry/imr-details/2321","SA_0000001695_EST","Data source","","PUBLISHED","Published","","2014","2014","","EUR","Europe","","EST","Estonia","","126.1","","","","","",""
"SA_0000001695","Cautions and arrests for public drunkenness, per 100,000 population","https://www.who.int/data/gho/indicator-metadata-registry/imr-details/2321","SA_0000001695_FIN","Data source","","PUBLISHED","Published","","1993","1993","","EUR","Europe","","FIN","Finland","","1978.2","","","","","",""
"SA_0000001695","Cautions and arrests for public drunkenness, per 100,000 population","https://www.who.int/data/gho/indicator-metadata-registry/imr-details/2321","SA_0000001695_FIN","Data source","","PUBLISHED","Published","","2000","2000","","EUR","Europe","","FIN","Finland","","1872.8","","","","","",""
"SA_0000001695","Cautions and arrests for public drunkenness, per 100,000 population","https://www.who.int/data/gho/indicator-metadata-registry/imr-details/2321","SA_0000001695_FIN","Data source","","PUBLISHED","Published","","2007","2007","","EUR","Europe","","FIN","Finland","","1847.6","","","","","",""
"SA_0000001695","Cautions and arrests for public drunkenness, per 100,000 population","https://www.who.int/data/gho/indicator-metadata-registry/imr-details/2321","SA_0000001695_FIN","Data source","","PUBLISHED","Published","","2002","2002","","EUR","Europe","","FIN","Finland","","1845.1","","","","","",""
"SA_0000001695","Cautions and arrests for public drunkenness, per 100,000 population","https://www.who.int/data/gho/indicator-metadata-registry/imr-details/2321","SA_0000001695_FIN","Data source","","PUBLISHED","Published","","2005","2005","","EUR","Europe","","FIN","Finland","","1941.5","","","","","",""
"SA_0000001695","Cautions and arrests for public drunkenness, per 100,000 population","https://www.who.int/data/gho/indicator-metadata-registry/imr-details/2321","SA_0000001695_FIN","Data source","","PUBLISHED","Published","","2006","2006","","EUR","Europe","","FIN","Finland","","1890.4","","","","","",""
"SA_0000001695","Cautions and arrests for public drunkenness, per 100,000 population","https://www.who.int/data/gho/indicator-metadata-registry/imr-details/2321","SA_0000001695_FIN","Data source","","PUBLISHED","Published","","1999","1999","","EUR","Europe","","FIN","Finland","","1826.1","","","","","",""
"SA_0000001695","Cautions and arrests for public drunkenness, per 100,000 population","https://www.who.int/data/gho/indicator-metadata-registry/imr-details/2321","SA_0000001695_FIN","Data source","","PUBLISHED","Published","","2001","2001","","EUR","Europe","","FIN","Finland","","1848.6","","","","","",""
"SA_0000001695","Cautions and arrests for public drunkenness, per 100,000 population","https://www.who.int/data/gho/indicator-metadata-registry/imr-details/2321","SA_0000001695_FIN","Data source","","PUBLISHED","Published","","2008","2008","","EUR","Europe","","FIN","Finland","","1769","","","","","",""
"SA_0000001695","Cautions and arrests for public drunkenness, per 100,000 population","https://www.who.int/data/gho/indicator-metadata-registry/imr-details/2321","SA_0000001695_FIN","Data source","","PUBLISHED","Published","","2010","2010","","EUR","Europe","","FIN","Finland","","1465.1","","","","","",""
"SA_0000001695","Cautions and arrests for public drunkenness, per 100,000 population","https://www.who.int/data/gho/indicator-metadata-registry/imr-details/2321","SA_0000001695_FIN","Data source","","PUBLISHED","Published","","1990","1990","","EUR","Europe","","FIN","Finland","","2864.6","","","","","",""
"SA_0000001695","Cautions and arrests for public drunkenness, per 100,000 population","https://www.who.int/data/gho/indicator-metadata-registry/imr-details/2321","SA_0000001695_FIN","Data source","","PUBLISHED","Published","","1992","1992","","EUR","Europe","","FIN","Finland","","2691.8","","","","","",""
"SA_0000001695","Cautions and arrests for public drunkenness, per 100,000 population","https://www.who.int/data/gho/indicator-metadata-registry/imr-details/2321","SA_0000001695_FIN","Data source","","PUBLISHED","Published","","1995","1995","","EUR","Europe","","FIN","Finland","","1772","","","","","",""
"SA_0000001695","Cautions and arrests for public drunkenness, per 100,000 population","https://www.who.int/data/gho/indicator-metadata-registry/imr-details/2321","SA_0000001695_FIN","Data source","","PUBLISHED","Published","","1997","1997","","EUR","Europe","","FIN","Finland","","1615.9","","","","","",""
"SA_0000001695","Cautions and arrests for public drunkenness, per 100,000 population","https://www.who.int/data/gho/indicator-metadata-registry/imr-details/2321","SA_0000001695_FIN","Data source","","PUBLISHED","Published","","2012","2012","","EUR","Europe","","FIN","Finland","","1321.4","","","","","",""
"SA_0000001695","Cautions and arrests for public drunkenness, per 100,000 population","https://www.who.int/data/gho/indicator-metadata-registry/imr-details/2321","SA_0000001695_FIN","Data source","","PUBLISHED","Published","","2014","2014","","EUR","Europe","","FIN","Finland","","1108.8","","","","","",""
"SA_0000001695","Cautions and arrests for public drunkenness, per 100,000 population","https://www.who.int/data/gho/indicator-metadata-registry/imr-details/2321","SA_0000001695_FIN","Data source","","PUBLISHED","Published","","1991","1991","","EUR","Europe","","FIN","Finland","","2705.5","","","","","",""
"SA_0000001695","Cautions and arrests for public drunkenness, per 100,000 population","https://www.who.int/data/gho/indicator-metadata-registry/imr-details/2321","SA_0000001695_FIN","Data source","","PUBLISHED","Published","","1998","1998","","EUR","Europe","","FIN","Finland","","1761.1","","","","","",""
"SA_0000001695","Cautions and arrests for public drunkenness, per 100,000 population","https://www.who.int/data/gho/indicator-metadata-registry/imr-details/2321","SA_0000001695_FIN","Data source","","PUBLISHED","Published","","2009","2009","","EUR","Europe","","FIN","Finland","","1636.8","","","","","",""
"SA_0000001695","Cautions and arrests for public drunkenness, per 100,000 population","https://www.who.int/data/gho/indicator-metadata-registry/imr-details/2321","SA_0000001695_FIN","Data source","","PUBLISHED","Published","","1994","1994","","EUR","Europe","","FIN","Finland","","1819.7","","","","","",""
"SA_0000001695","Cautions and arrests for public drunkenness, per 100,000 population","https://www.who.int/data/gho/indicator-metadata-registry/imr-details/2321","SA_0000001695_FIN","Data source","","PUBLISHED","Published","","1996","1996","","EUR","Europe","","FIN","Finland","","1721.9","","","","","",""
"SA_0000001695","Cautions and arrests for public drunkenness, per 100,000 population","https://www.who.int/data/gho/indicator-metadata-registry/imr-details/2321","SA_0000001695_FIN","Data source","","PUBLISHED","Published","","2011","2011","","EUR","Europe","","FIN","Finland","","1436.9","","","","","",""
"SA_0000001695","Cautions and arrests for public drunkenness, per 100,000 population","https://www.who.int/data/gho/indicator-metadata-registry/imr-details/2321","SA_0000001695_FIN","Data source","","PUBLISHED","Published","","2013","2013","","EUR","Europe","","FIN","Finland","","1241.5","","","","","",""
"SA_0000001695","Cautions and arrests for public drunkenness, per 100,000 population","https://www.who.int/data/gho/indicator-metadata-registry/imr-details/2321","SA_0000001695_FIN","Data source","","PUBLISHED","Published","","2003","2003","","EUR","Europe","","FIN","Finland","","1827.4","","","","","",""
"SA_0000001695","Cautions and arrests for public drunkenness, per 100,000 population","https://www.who.int/data/gho/indicator-metadata-registry/imr-details/2321","SA_0000001695_FIN","Data source","","PUBLISHED","Published","","2004","2004","","EUR","Europe","","FIN","Finland","","2023.8","","","","","",""
"SA_0000001695","Cautions and arrests for public drunkenness, per 100,000 population","https://www.who.int/data/gho/indicator-metadata-registry/imr-details/2321","SA_0000001695_GBR","Data source","","PUBLISHED","Published","","1999","1999","","EUR","Europe","","GBR","United Kingdom of Great Britain and Northern Ireland","","84.6","","","","","",""
"SA_0000001695","Cautions and arrests for public drunkenness, per 100,000 population","https://www.who.int/data/gho/indicator-metadata-registry/imr-details/2321","SA_0000001695_GBR","Data source","","PUBLISHED","Published","","1992","1992","","EUR","Europe","","GBR","United Kingdom of Great Britain and Northern Ireland","","123.7","","","","","",""
"SA_0000001695","Cautions and arrests for public drunkenness, per 100,000 population","https://www.who.int/data/gho/indicator-metadata-registry/imr-details/2321","SA_0000001695_GBR","Data source","","PUBLISHED","Published","","2001","2001","","EUR","Europe","","GBR","United Kingdom of Great Britain and Northern Ireland","","73.3","","","","","",""
"SA_0000001695","Cautions and arrests for public drunkenness, per 100,000 population","https://www.who.int/data/gho/indicator-metadata-registry/imr-details/2321","SA_0000001695_GBR","Data source","","PUBLISHED","Published","","2003","2003","","EUR","Europe","","GBR","United Kingdom of Great Britain and Northern Ireland","","77.7","","","","","",""
"SA_0000001695","Cautions and arrests for public drunkenness, per 100,000 population","https://www.who.int/data/gho/indicator-metadata-registry/imr-details/2321","SA_0000001695_GBR","Data source","","PUBLISHED","Published","","2004","2004","","EUR","Europe","","GBR","United Kingdom of Great Britain and Northern Ireland","","58.3","","","","","",""
"SA_0000001695","Cautions and arrests for public drunkenness, per 100,000 population","https://www.who.int/data/gho/indicator-metadata-registry/imr-details/2321","SA_0000001695_GBR","Data source","","PUBLISHED","Published","","1993","1993","","EUR","Europe","","GBR","United Kingdom of Great Britain and Northern Ireland","","107.3","","","","","",""
"SA_0000001695","Cautions and arrests for public drunkenness, per 100,000 population","https://www.who.int/data/gho/indicator-metadata-registry/imr-details/2321","SA_0000001695_GBR","Data source","","PUBLISHED","Published","","1996","1996","","EUR","Europe","","GBR","United Kingdom of Great Britain and Northern Ireland","","88.4","","","","","",""
"SA_0000001695","Cautions and arrests for public drunkenness, per 100,000 population","https://www.who.int/data/gho/indicator-metadata-registry/imr-details/2321","SA_0000001695_GBR","Data source","","PUBLISHED","Published","","2006","2006","","EUR","Europe","","GBR","United Kingdom of Great Britain and Northern Ireland","","65.6","","","","","",""
"SA_0000001695","Cautions and arrests for public drunkenness, per 100,000 population","https://www.who.int/data/gho/indicator-metadata-registry/imr-details/2321","SA_0000001695_GBR","Data source","","PUBLISHED","Published","","1998","1998","","EUR","Europe","","GBR","United Kingdom of Great Britain and Northern Ireland","","93.1","","","","","",""
"SA_0000001695","Cautions and arrests for public drunkenness, per 100,000 population","https://www.who.int/data/gho/indicator-metadata-registry/imr-details/2321","SA_0000001695_GBR","Data source","","PUBLISHED","Published","","2000","2000","","EUR","Europe","","GBR","United Kingdom of Great Britain and Northern Ireland","","77.7","","","","","",""
"SA_0000001695","Cautions and arrests for public drunkenness, per 100,000 population","https://www.who.int/data/gho/indicator-metadata-registry/imr-details/2321","SA_0000001695_GBR","Data source","","PUBLISHED","Published","","1995","1995","","EUR","Europe","","GBR","United Kingdom of Great Britain and Northern Ireland","","76.1","","","","","",""
"SA_0000001695","Cautions and arrests for public drunkenness, per 100,000 population","https://www.who.int/data/gho/indicator-metadata-registry/imr-details/2321","SA_0000001695_GBR","Data source","","PUBLISHED","Published","","1991","1991","","EUR","Europe","","GBR","United Kingdom of Great Britain and Northern Ireland","","135.8","","","","","",""
"SA_0000001695","Cautions and arrests for public drunkenness, per 100,000 population","https://www.who.int/data/gho/indicator-metadata-registry/imr-details/2321","SA_0000001695_GBR","Data source","","PUBLISHED","Published","","1997","1997","","EUR","Europe","","GBR","United Kingdom of Great Britain and Northern Ireland","","9.5","","","","","",""
"SA_0000001695","Cautions and arrests for public drunkenness, per 100,000 population","https://www.who.int/data/gho/indicator-metadata-registry/imr-details/2321","SA_0000001695_GBR","Data source","","PUBLISHED","Published","","1994","1994","","EUR","Europe","","GBR","United Kingdom of Great Britain and Northern Ireland","","102.9","","","","","",""
"SA_0000001695","Cautions and arrests for public drunkenness, per 100,000 population","https://www.who.int/data/gho/indicator-metadata-registry/imr-details/2321","SA_0000001695_GBR","Data source","","PUBLISHED","Published","","1990","1990","","EUR","Europe","","GBR","United Kingdom of Great Britain and Northern Ireland","","156.5","","","","","",""
"SA_0000001695","Cautions and arrests for public drunkenness, per 100,000 population","https://www.who.int/data/gho/indicator-metadata-registry/imr-details/2321","SA_0000001695_GBR","Data source","","PUBLISHED","Published","","2002","2002","","EUR","Europe","","GBR","United Kingdom of Great Britain and Northern Ireland","","73.4","","","","","",""
"SA_0000001695","Cautions and arrests for public drunkenness, per 100,000 population","https://www.who.int/data/gho/indicator-metadata-registry/imr-details/2321","SA_0000001695_GBR","Data source","","PUBLISHED","Published","","2005","2005","","EUR","Europe","","GBR","United Kingdom of Great Britain and Northern Ireland","","No data","","","","","",""
"SA_0000001695","Cautions and arrests for public drunkenness, per 100,000 population","https://www.who.int/data/gho/indicator-metadata-registry/imr-details/2321","SA_0000001695_HUN","Data source","","PUBLISHED","Published","","1991","1991","","EUR","Europe","","HUN","Hungary","","48.8","","","","","",""
"SA_0000001695","Cautions and arrests for public drunkenness, per 100,000 population","https://www.who.int/data/gho/indicator-metadata-registry/imr-details/2321","SA_0000001695_HUN","Data source","","PUBLISHED","Published","","2013","2013","","EUR","Europe","","HUN","Hungary","","49.2","","","","","",""
"SA_0000001695","Cautions and arrests for public drunkenness, per 100,000 population","https://www.who.int/data/gho/indicator-metadata-registry/imr-details/2321","SA_0000001695_HUN","Data source","","PUBLISHED","Published","","1992","1992","","EUR","Europe","","HUN","Hungary","","60.9","","","","","",""
"SA_0000001695","Cautions and arrests for public drunkenness, per 100,000 population","https://www.who.int/data/gho/indicator-metadata-registry/imr-details/2321","SA_0000001695_HUN","Data source","","PUBLISHED","Published","","1993","1993","","EUR","Europe","","HUN","Hungary","","63.5","","","","","",""
"SA_0000001695","Cautions and arrests for public drunkenness, per 100,000 population","https://www.who.int/data/gho/indicator-metadata-registry/imr-details/2321","SA_0000001695_HUN","Data source","","PUBLISHED","Published","","1990","1990","","EUR","Europe","","HUN","Hungary","","51.1","","","","","",""
"SA_0000001695","Cautions and arrests for public drunkenness, per 100,000 population","https://www.who.int/data/gho/indicator-metadata-registry/imr-details/2321","SA_0000001695_HUN","Data source","","PUBLISHED","Published","","2012","2012","","EUR","Europe","","HUN","Hungary","","47.2","","","","","",""
"SA_0000001695","Cautions and arrests for public drunkenness, per 100,000 population","https://www.who.int/data/gho/indicator-metadata-registry/imr-details/2321","SA_0000001695_HUN","Data source","","PUBLISHED","Published","","2011","2011","","EUR","Europe","","HUN","Hungary","","47.3","","","","","",""
"SA_0000001695","Cautions and arrests for public drunkenness, per 100,000 population","https://www.who.int/data/gho/indicator-metadata-registry/imr-details/2321","SA_0000001695_HUN","Data source","","PUBLISHED","Published","","1994","1994","","EUR","Europe","","HUN","Hungary","","67.3","","","","","",""
"SA_0000001695","Cautions and arrests for public drunkenness, per 100,000 population","https://www.who.int/data/gho/indicator-metadata-registry/imr-details/2321","SA_0000001695_HUN","Data source","","PUBLISHED","Published","","2010","2010","","EUR","Europe","","HUN","Hungary","","47.4","","","","","",""
"SA_0000001695","Cautions and arrests for public drunkenness, per 100,000 population","https://www.who.int/data/gho/indicator-metadata-registry/imr-details/2321","SA_0000001695_IRL","Data source","","PUBLISHED","Published","","2002","2002","","EUR","Europe","","IRL","Ireland","","No data","","","","","",""
"SA_0000001695","Cautions and arrests for public drunkenness, per 100,000 population","https://www.who.int/data/gho/indicator-metadata-registry/imr-details/2321","SA_0000001695_IRL","Data source","","PUBLISHED","Published","","2010","2010","","EUR","Europe","","IRL","Ireland","","1025.4","","","","","",""
"SA_0000001695","Cautions and arrests for public drunkenness, per 100,000 population","https://www.who.int/data/gho/indicator-metadata-registry/imr-details/2321","SA_0000001695_IRL","Data source","","PUBLISHED","Published","","2001","2001","","EUR","Europe","","IRL","Ireland","","No data","","","","","",""
"SA_0000001695","Cautions and arrests for public drunkenness, per 100,000 population","https://www.who.int/data/gho/indicator-metadata-registry/imr-details/2321","SA_0000001695_IRL","Data source","","PUBLISHED","Published","","2004","2004","","EUR","Europe","","IRL","Ireland","","928","","","","","",""
"SA_0000001695","Cautions and arrests for public drunkenness, per 100,000 population","https://www.who.int/data/gho/indicator-metadata-registry/imr-details/2321","SA_0000001695_IRL","Data source","","PUBLISHED","Published","","2005","2005","","EUR","Europe","","IRL","Ireland","","1009.3","","","","","",""
"SA_0000001695","Cautions and arrests for public drunkenness, per 100,000 population","https://www.who.int/data/gho/indicator-metadata-registry/imr-details/2321","SA_0000001695_IRL","Data source","","PUBLISHED","Published","","2000","2000","","EUR","Europe","","IRL","Ireland","","999","","","","","",""
"SA_0000001695","Cautions and arrests for public drunkenness, per 100,000 population","https://www.who.int/data/gho/indicator-metadata-registry/imr-details/2321","SA_0000001695_IRL","Data source","","PUBLISHED","Published","","2007","2007","","EUR","Europe","","IRL","Ireland","","1166.6","","","","","",""
"SA_0000001695","Cautions and arrests for public drunkenness, per 100,000 population","https://www.who.int/data/gho/indicator-metadata-registry/imr-details/2321","SA_0000001695_IRL","Data source","","PUBLISHED","Published","","2009","2009","","EUR","Europe","","IRL","Ireland","","1085.2","","","","","",""
"SA_0000001695","Cautions and arrests for public drunkenness, per 100,000 population","https://www.who.int/data/gho/indicator-metadata-registry/imr-details/2321","SA_0000001695_IRL","Data source","","PUBLISHED","Published","","2011","2011","","EUR","Europe","","IRL","Ireland","","905.6","","","","","",""
"SA_0000001695","Cautions and arrests for public drunkenness, per 100,000 population","https://www.who.int/data/gho/indicator-metadata-registry/imr-details/2321","SA_0000001695_IRL","Data source","","PUBLISHED","Published","","2013","2013","","EUR","Europe","","IRL","Ireland","","660.5","","","","","",""
"SA_0000001695","Cautions and arrests for public drunkenness, per 100,000 population","https://www.who.int/data/gho/indicator-metadata-registry/imr-details/2321","SA_0000001695_IRL","Data source","","PUBLISHED","Published","","2008","2008","","EUR","Europe","","IRL","Ireland","","1192.3","","","","","",""
"SA_0000001695","Cautions and arrests for public drunkenness, per 100,000 population","https://www.who.int/data/gho/indicator-metadata-registry/imr-details/2321","SA_0000001695_IRL","Data source","","PUBLISHED","Published","","2015","2015","","EUR","Europe","","IRL","Ireland","","544","","","","","",""
"SA_0000001695","Cautions and arrests for public drunkenness, per 100,000 population","https://www.who.int/data/gho/indicator-metadata-registry/imr-details/2321","SA_0000001695_IRL","Data source","","PUBLISHED","Published","","2003","2003","","EUR","Europe","","IRL","Ireland","","1191.8","","","","","",""
"SA_0000001695","Cautions and arrests for public drunkenness, per 100,000 population","https://www.who.int/data/gho/indicator-metadata-registry/imr-details/2321","SA_0000001695_IRL","Data source","","PUBLISHED","Published","","2012","2012","","EUR","Europe","","IRL","Ireland","","800.3","","","","","",""
"SA_0000001695","Cautions and arrests for public drunkenness, per 100,000 population","https://www.who.int/data/gho/indicator-metadata-registry/imr-details/2321","SA_0000001695_IRL","Data source","","PUBLISHED","Published","","2014","2014","","EUR","Europe","","IRL","Ireland","","573.7","","","","","",""
"SA_0000001695","Cautions and arrests for public drunkenness, per 100,000 population","https://www.who.int/data/gho/indicator-metadata-registry/imr-details/2321","SA_0000001695_IRL","Data source","","PUBLISHED","Published","","2006","2006","","EUR","Europe","","IRL","Ireland","","1100","","","","","",""
"SA_0000001695","Cautions and arrests for public drunkenness, per 100,000 population","https://www.who.int/data/gho/indicator-metadata-registry/imr-details/2321","SA_0000001695_ISL","Data source","","PUBLISHED","Published","","2003","2003","","EUR","Europe","","ISL","Iceland","","550.3","","","","","",""
"SA_0000001695","Cautions and arrests for public drunkenness, per 100,000 population","https://www.who.int/data/gho/indicator-metadata-registry/imr-details/2321","SA_0000001695_ISL","Data source","","PUBLISHED","Published","","2004","2004","","EUR","Europe","","ISL","Iceland","","427.2","","","","","",""
"SA_0000001695","Cautions and arrests for public drunkenness, per 100,000 population","https://www.who.int/data/gho/indicator-metadata-registry/imr-details/2321","SA_0000001695_ISL","Data source","","PUBLISHED","Published","","2006","2006","","EUR","Europe","","ISL","Iceland","","375.2","","","","","",""
"SA_0000001695","Cautions and arrests for public drunkenness, per 100,000 population","https://www.who.int/data/gho/indicator-metadata-registry/imr-details/2321","SA_0000001695_ISL","Data source","","PUBLISHED","Published","","1997","1997","","EUR","Europe","","ISL","Iceland","","No data","","","","","",""
"SA_0000001695","Cautions and arrests for public drunkenness, per 100,000 population","https://www.who.int/data/gho/indicator-metadata-registry/imr-details/2321","SA_0000001695_ISL","Data source","","PUBLISHED","Published","","1998","1998","","EUR","Europe","","ISL","Iceland","","585.5","","","","","",""
"SA_0000001695","Cautions and arrests for public drunkenness, per 100,000 population","https://www.who.int/data/gho/indicator-metadata-registry/imr-details/2321","SA_0000001695_ISL","Data source","","PUBLISHED","Published","","2000","2000","","EUR","Europe","","ISL","Iceland","","752.8","","","","","",""
"SA_0000001695","Cautions and arrests for public drunkenness, per 100,000 population","https://www.who.int/data/gho/indicator-metadata-registry/imr-details/2321","SA_0000001695_ISL","Data source","","PUBLISHED","Published","","2002","2002","","EUR","Europe","","ISL","Iceland","","533","","","","","",""
"SA_0000001695","Cautions and arrests for public drunkenness, per 100,000 population","https://www.who.int/data/gho/indicator-metadata-registry/imr-details/2321","SA_0000001695_ISL","Data source","","PUBLISHED","Published","","2005","2005","","EUR","Europe","","ISL","Iceland","","424.6","","","","","",""
"SA_0000001695","Cautions and arrests for public drunkenness, per 100,000 population","https://www.who.int/data/gho/indicator-metadata-registry/imr-details/2321","SA_0000001695_ISL","Data source","","PUBLISHED","Published","","1999","1999","","EUR","Europe","","ISL","Iceland","","566.1","","","","","",""
"SA_0000001695","Cautions and arrests for public drunkenness, per 100,000 population","https://www.who.int/data/gho/indicator-metadata-registry/imr-details/2321","SA_0000001695_ISL","Data source","","PUBLISHED","Published","","2001","2001","","EUR","Europe","","ISL","Iceland","","643.9","","","","","",""
"SA_0000001695","Cautions and arrests for public drunkenness, per 100,000 population","https://www.who.int/data/gho/indicator-metadata-registry/imr-details/2321","SA_0000001695_ISL","Data source","","PUBLISHED","Published","","2007","2007","","EUR","Europe","","ISL","Iceland","","339.2","","","","","",""
"SA_0000001695","Cautions and arrests for public drunkenness, per 100,000 population","https://www.who.int/data/gho/indicator-metadata-registry/imr-details/2321","SA_0000001695_LVA","Data source","","PUBLISHED","Published","","2006","2006","","EUR","Europe","","LVA","Latvia","","729.3","","","","","",""
"SA_0000001695","Cautions and arrests for public drunkenness, per 100,000 population","https://www.who.int/data/gho/indicator-metadata-registry/imr-details/2321","SA_0000001695_MHL","Data source","","PUBLISHED","Published","","2002","2002","","WPR","Western Pacific","","MHL","Marshall Islands","","881.9","","","","","",""
"SA_0000001695","Cautions and arrests for public drunkenness, per 100,000 population","https://www.who.int/data/gho/indicator-metadata-registry/imr-details/2321","SA_0000001695_MHL","Data source","","PUBLISHED","Published","","2007","2007","","WPR","Western Pacific","","MHL","Marshall Islands","","2909.7","","","","","",""
"SA_0000001695","Cautions and arrests for public drunkenness, per 100,000 population","https://www.who.int/data/gho/indicator-metadata-registry/imr-details/2321","SA_0000001695_MHL","Data source","","PUBLISHED","Published","","2008","2008","","WPR","Western Pacific","","MHL","Marshall Islands","","3875.8","","","","","",""
"SA_0000001695","Cautions and arrests for public drunkenness, per 100,000 population","https://www.who.int/data/gho/indicator-metadata-registry/imr-details/2321","SA_0000001695_MHL","Data source","","PUBLISHED","Published","","2003","2003","","WPR","Western Pacific","","MHL","Marshall Islands","","1350.9","","","","","",""
"SA_0000001695","Cautions and arrests for public drunkenness, per 100,000 population","https://www.who.int/data/gho/indicator-metadata-registry/imr-details/2321","SA_0000001695_MHL","Data source","","PUBLISHED","Published","","2004","2004","","WPR","Western Pacific","","MHL","Marshall Islands","","1369.2","","","","","",""
"SA_0000001695","Cautions and arrests for public drunkenness, per 100,000 population","https://www.who.int/data/gho/indicator-metadata-registry/imr-details/2321","SA_0000001695_MHL","Data source","","PUBLISHED","Published","","2005","2005","","WPR","Western Pacific","","MHL","Marshall Islands","","2330.1","","","","","",""
"SA_0000001695","Cautions and arrests for public drunkenness, per 100,000 population","https://www.who.int/data/gho/indicator-metadata-registry/imr-details/2321","SA_0000001695_MHL","Data source","","PUBLISHED","Published","","2006","2006","","WPR","Western Pacific","","MHL","Marshall Islands","","3010.8","","","","","",""
"SA_0000001695","Cautions and arrests for public drunkenness, per 100,000 population","https://www.who.int/data/gho/indicator-metadata-registry/imr-details/2321","SA_0000001695_MNG","Data source","","PUBLISHED","Published","","1997","1997","","WPR","Western Pacific","","MNG","Mongolia","","3414.7","","","","","",""
"SA_0000001695","Cautions and arrests for public drunkenness, per 100,000 population","https://www.who.int/data/gho/indicator-metadata-registry/imr-details/2321","SA_0000001695_MNG","Data source","","PUBLISHED","Published","","2003","2003","","WPR","Western Pacific","","MNG","Mongolia","","No data","","","","","",""
"SA_0000001695","Cautions and arrests for public drunkenness, per 100,000 population","https://www.who.int/data/gho/indicator-metadata-registry/imr-details/2321","SA_0000001695_MNG","Data source","","PUBLISHED","Published","","2005","2005","","WPR","Western Pacific","","MNG","Mongolia","","No data","","","","","",""
"SA_0000001695","Cautions and arrests for public drunkenness, per 100,000 population","https://www.who.int/data/gho/indicator-metadata-registry/imr-details/2321","SA_0000001695_MNG","Data source","","PUBLISHED","Published","","1998","1998","","WPR","Western Pacific","","MNG","Mongolia","","3751.2","","","","","",""
"SA_0000001695","Cautions and arrests for public drunkenness, per 100,000 population","https://www.who.int/data/gho/indicator-metadata-registry/imr-details/2321","SA_0000001695_MNG","Data source","","PUBLISHED","Published","","2000","2000","","WPR","Western Pacific","","MNG","Mongolia","","3850.4","","","","","",""
"SA_0000001695","Cautions and arrests for public drunkenness, per 100,000 population","https://www.who.int/data/gho/indicator-metadata-registry/imr-details/2321","SA_0000001695_MNG","Data source","","PUBLISHED","Published","","2001","2001","","WPR","Western Pacific","","MNG","Mongolia","","4784.3","","","","","",""
"SA_0000001695","Cautions and arrests for public drunkenness, per 100,000 population","https://www.who.int/data/gho/indicator-metadata-registry/imr-details/2321","SA_0000001695_MNG","Data source","","PUBLISHED","Published","","2007","2007","","WPR","Western Pacific","","MNG","Mongolia","","5268.6","","","","","",""
"SA_0000001695","Cautions and arrests for public drunkenness, per 100,000 population","https://www.who.int/data/gho/indicator-metadata-registry/imr-details/2321","SA_0000001695_MNG","Data source","","PUBLISHED","Published","","2004","2004","","WPR","Western Pacific","","MNG","Mongolia","","No data","","","","","",""
"SA_0000001695","Cautions and arrests for public drunkenness, per 100,000 population","https://www.who.int/data/gho/indicator-metadata-registry/imr-details/2321","SA_0000001695_MNG","Data source","","PUBLISHED","Published","","1999","1999","","WPR","Western Pacific","","MNG","Mongolia","","4222","","","","","",""
"SA_0000001695","Cautions and arrests for public drunkenness, per 100,000 population","https://www.who.int/data/gho/indicator-metadata-registry/imr-details/2321","SA_0000001695_MNG","Data source","","PUBLISHED","Published","","2006","2006","","WPR","Western Pacific","","MNG","Mongolia","","No data","","","","","",""
"SA_0000001695","Cautions and arrests for public drunkenness, per 100,000 population","https://www.who.int/data/gho/indicator-metadata-registry/imr-details/2321","SA_0000001695_MNG","Data source","","PUBLISHED","Published","","2002","2002","","WPR","Western Pacific","","MNG","Mongolia","","6187.6","","","","","",""
"SA_0000001695","Cautions and arrests for public drunkenness, per 100,000 population","https://www.who.int/data/gho/indicator-metadata-registry/imr-details/2321","SA_0000001695_MNG","Data source","","PUBLISHED","Published","","2008","2008","","WPR","Western Pacific","","MNG","Mongolia","","5294.1","","","","","",""
"SA_0000001695","Cautions and arrests for public drunkenness, per 100,000 population","https://www.who.int/data/gho/indicator-metadata-registry/imr-details/2321","SA_0000001695_NOR","Data source","","PUBLISHED","Published","","1991","1991","","EUR","Europe","","NOR","Norway","","178.3","","","","","",""
"SA_0000001695","Cautions and arrests for public drunkenness, per 100,000 population","https://www.who.int/data/gho/indicator-metadata-registry/imr-details/2321","SA_0000001695_NOR","Data source","","PUBLISHED","Published","","1999","1999","","EUR","Europe","","NOR","Norway","","50.8","","","","","",""
"SA_0000001695","Cautions and arrests for public drunkenness, per 100,000 population","https://www.who.int/data/gho/indicator-metadata-registry/imr-details/2321","SA_0000001695_NOR","Data source","","PUBLISHED","Published","","2007","2007","","EUR","Europe","","NOR","Norway","","45.2","","","","","",""
"SA_0000001695","Cautions and arrests for public drunkenness, per 100,000 population","https://www.who.int/data/gho/indicator-metadata-registry/imr-details/2321","SA_0000001695_NOR","Data source","","PUBLISHED","Published","","2000","2000","","EUR","Europe","","NOR","Norway","","56","","","","","",""
"SA_0000001695","Cautions and arrests for public drunkenness, per 100,000 population","https://www.who.int/data/gho/indicator-metadata-registry/imr-details/2321","SA_0000001695_NOR","Data source","","PUBLISHED","Published","","2001","2001","","EUR","Europe","","NOR","Norway","","63.4","","","","","",""
"SA_0000001695","Cautions and arrests for public drunkenness, per 100,000 population","https://www.who.int/data/gho/indicator-metadata-registry/imr-details/2321","SA_0000001695_NOR","Data source","","PUBLISHED","Published","","1990","1990","","EUR","Europe","","NOR","Norway","","178.3","","","","","",""
"SA_0000001695","Cautions and arrests for public drunkenness, per 100,000 population","https://www.who.int/data/gho/indicator-metadata-registry/imr-details/2321","SA_0000001695_NOR","Data source","","PUBLISHED","Published","","1992","1992","","EUR","Europe","","NOR","Norway","","178.1","","","","","",""
"SA_0000001695","Cautions and arrests for public drunkenness, per 100,000 population","https://www.who.int/data/gho/indicator-metadata-registry/imr-details/2321","SA_0000001695_NOR","Data source","","PUBLISHED","Published","","1996","1996","","EUR","Europe","","NOR","Norway","","61.1","","","","","",""
"SA_0000001695","Cautions and arrests for public drunkenness, per 100,000 population","https://www.who.int/data/gho/indicator-metadata-registry/imr-details/2321","SA_0000001695_NOR","Data source","","PUBLISHED","Published","","1998","1998","","EUR","Europe","","NOR","Norway","","54.5","","","","","",""
"SA_0000001695","Cautions and arrests for public drunkenness, per 100,000 population","https://www.who.int/data/gho/indicator-metadata-registry/imr-details/2321","SA_0000001695_NOR","Data source","","PUBLISHED","Published","","2005","2005","","EUR","Europe","","NOR","Norway","","47.9","","","","","",""
"SA_0000001695","Cautions and arrests for public drunkenness, per 100,000 population","https://www.who.int/data/gho/indicator-metadata-registry/imr-details/2321","SA_0000001695_NOR","Data source","","PUBLISHED","Published","","2008","2008","","EUR","Europe","","NOR","Norway","","30.4","","","","","",""
"SA_0000001695","Cautions and arrests for public drunkenness, per 100,000 population","https://www.who.int/data/gho/indicator-metadata-registry/imr-details/2321","SA_0000001695_NOR","Data source","","PUBLISHED","Published","","1994","1994","","EUR","Europe","","NOR","Norway","","64.7","","","","","",""
"SA_0000001695","Cautions and arrests for public drunkenness, per 100,000 population","https://www.who.int/data/gho/indicator-metadata-registry/imr-details/2321","SA_0000001695_NOR","Data source","","PUBLISHED","Published","","2010","2010","","EUR","Europe","","NOR","Norway","","24.5","","","","","",""
"SA_0000001695","Cautions and arrests for public drunkenness, per 100,000 population","https://www.who.int/data/gho/indicator-metadata-registry/imr-details/2321","SA_0000001695_NOR","Data source","","PUBLISHED","Published","","2006","2006","","EUR","Europe","","NOR","Norway","","48.3","","","","","",""
"SA_0000001695","Cautions and arrests for public drunkenness, per 100,000 population","https://www.who.int/data/gho/indicator-metadata-registry/imr-details/2321","SA_0000001695_NOR","Data source","","PUBLISHED","Published","","1997","1997","","EUR","Europe","","NOR","Norway","","No data","","","","","",""
"SA_0000001695","Cautions and arrests for public drunkenness, per 100,000 population","https://www.who.int/data/gho/indicator-metadata-registry/imr-details/2321","SA_0000001695_NOR","Data source","","PUBLISHED","Published","","2004","2004","","EUR","Europe","","NOR","Norway","","43.2","","","","","",""
"SA_0000001695","Cautions and arrests for public drunkenness, per 100,000 population","https://www.who.int/data/gho/indicator-metadata-registry/imr-details/2321","SA_0000001695_NOR","Data source","","PUBLISHED","Published","","2009","2009","","EUR","Europe","","NOR","Norway","","27","","","","","",""
"SA_0000001695","Cautions and arrests for public drunkenness, per 100,000 population","https://www.who.int/data/gho/indicator-metadata-registry/imr-details/2321","SA_0000001695_NOR","Data source","","PUBLISHED","Published","","1993","1993","","EUR","Europe","","NOR","Norway","","177.8","","","","","",""
"SA_0000001695","Cautions and arrests for public drunkenness, per 100,000 population","https://www.who.int/data/gho/indicator-metadata-registry/imr-details/2321","SA_0000001695_NOR","Data source","","PUBLISHED","Published","","1995","1995","","EUR","Europe","","NOR","Norway","","71.2","","","","","",""
"SA_0000001695","Cautions and arrests for public drunkenness, per 100,000 population","https://www.who.int/data/gho/indicator-metadata-registry/imr-details/2321","SA_0000001695_NOR","Data source","","PUBLISHED","Published","","2011","2011","","EUR","Europe","","NOR","Norway","","20.5","","","","","",""
"SA_0000001695","Cautions and arrests for public drunkenness, per 100,000 population","https://www.who.int/data/gho/indicator-metadata-registry/imr-details/2321","SA_0000001695_NOR","Data source","","PUBLISHED","Published","","2002","2002","","EUR","Europe","","NOR","Norway","","68.2","","","","","",""
"SA_0000001695","Cautions and arrests for public drunkenness, per 100,000 population","https://www.who.int/data/gho/indicator-metadata-registry/imr-details/2321","SA_0000001695_NOR","Data source","","PUBLISHED","Published","","2003","2003","","EUR","Europe","","NOR","Norway","","42.7","","","","","",""
"SA_0000001695","Cautions and arrests for public drunkenness, per 100,000 population","https://www.who.int/data/gho/indicator-metadata-registry/imr-details/2321","SA_0000001695_PLW","Data source","","PUBLISHED","Published","","2009","2009","","WPR","Western Pacific","","PLW","Palau","","226.1","","","","","",""
"SA_0000001695","Cautions and arrests for public drunkenness, per 100,000 population","https://www.who.int/data/gho/indicator-metadata-registry/imr-details/2321","SA_0000001695_PLW","Data source","","PUBLISHED","Published","","2014","2014","","WPR","Western Pacific","","PLW","Palau","","1403.1","","","","","",""
"SA_0000001695","Cautions and arrests for public drunkenness, per 100,000 population","https://www.who.int/data/gho/indicator-metadata-registry/imr-details/2321","SA_0000001695_PLW","Data source","","PUBLISHED","Published","","1996","1996","","WPR","Western Pacific","","PLW","Palau","","1956.4","","","","","",""
"SA_0000001695","Cautions and arrests for public drunkenness, per 100,000 population","https://www.who.int/data/gho/indicator-metadata-registry/imr-details/2321","SA_0000001695_PLW","Data source","","PUBLISHED","Published","","2010","2010","","WPR","Western Pacific","","PLW","Palau","","552","","","","","",""
"SA_0000001695","Cautions and arrests for public drunkenness, per 100,000 population","https://www.who.int/data/gho/indicator-metadata-registry/imr-details/2321","SA_0000001695_PLW","Data source","","PUBLISHED","Published","","2012","2012","","WPR","Western Pacific","","PLW","Palau","","163.8","","","","","",""
"SA_0000001695","Cautions and arrests for public drunkenness, per 100,000 population","https://www.who.int/data/gho/indicator-metadata-registry/imr-details/2321","SA_0000001695_PLW","Data source","","PUBLISHED","Published","","2007","2007","","WPR","Western Pacific","","PLW","Palau","","815.2","","","","","",""
"SA_0000001695","Cautions and arrests for public drunkenness, per 100,000 population","https://www.who.int/data/gho/indicator-metadata-registry/imr-details/2321","SA_0000001695_PLW","Data source","","PUBLISHED","Published","","2011","2011","","WPR","Western Pacific","","PLW","Palau","","485.3","","","","","",""
"SA_0000001695","Cautions and arrests for public drunkenness, per 100,000 population","https://www.who.int/data/gho/indicator-metadata-registry/imr-details/2321","SA_0000001695_PLW","Data source","","PUBLISHED","Published","","2008","2008","","WPR","Western Pacific","","PLW","Palau","","360.9","","","","","",""
"SA_0000001695","Cautions and arrests for public drunkenness, per 100,000 population","https://www.who.int/data/gho/indicator-metadata-registry/imr-details/2321","SA_0000001695_PLW","Data source","","PUBLISHED","Published","","2013","2013","","WPR","Western Pacific","","PLW","Palau","","1161.7","","","","","",""
"SA_0000001695","Cautions and arrests for public drunkenness, per 100,000 population","https://www.who.int/data/gho/indicator-metadata-registry/imr-details/2321","SA_0000001695_POL","Data source","","PUBLISHED","Published","","2007","2007","","EUR","Europe","","POL","Poland","","582.4","","","","","",""
"SA_0000001695","Cautions and arrests for public drunkenness, per 100,000 population","https://www.who.int/data/gho/indicator-metadata-registry/imr-details/2321","SA_0000001695_SVN","Data source","","PUBLISHED","Published","","2005","2005","","EUR","Europe","","SVN","Slovenia","","20.2","","","","","",""
"SA_0000001695","Cautions and arrests for public drunkenness, per 100,000 population","https://www.who.int/data/gho/indicator-metadata-registry/imr-details/2321","SA_0000001695_SVN","Data source","","PUBLISHED","Published","","2008","2008","","EUR","Europe","","SVN","Slovenia","","53.9","","","","","",""
"SA_0000001695","Cautions and arrests for public drunkenness, per 100,000 population","https://www.who.int/data/gho/indicator-metadata-registry/imr-details/2321","SA_0000001695_SVN","Data source","","PUBLISHED","Published","","2004","2004","","EUR","Europe","","SVN","Slovenia","","76","","","","","",""
"SA_0000001695","Cautions and arrests for public drunkenness, per 100,000 population","https://www.who.int/data/gho/indicator-metadata-registry/imr-details/2321","SA_0000001695_SVN","Data source","","PUBLISHED","Published","","2007","2007","","EUR","Europe","","SVN","Slovenia","","43.7","","","","","",""
"SA_0000001695","Cautions and arrests for public drunkenness, per 100,000 population","https://www.who.int/data/gho/indicator-metadata-registry/imr-details/2321","SA_0000001695_SVN","Data source","","PUBLISHED","Published","","2006","2006","","EUR","Europe","","SVN","Slovenia","","37.3","","","","","",""
"SA_0000001695","Cautions and arrests for public drunkenness, per 100,000 population","https://www.who.int/data/gho/indicator-metadata-registry/imr-details/2321","SA_0000001695_SVN","Data source","","PUBLISHED","Published","","2009","2009","","EUR","Europe","","SVN","Slovenia","","41.4","","","","","",""
"SA_0000001695","Cautions and arrests for public drunkenness, per 100,000 population","https://www.who.int/data/gho/indicator-metadata-registry/imr-details/2321","SA_0000001695_SVN","Data source","","PUBLISHED","Published","","2003","2003","","EUR","Europe","","SVN","Slovenia","","51.8","","","","","",""
"SA_0000001695","Cautions and arrests for public drunkenness, per 100,000 population","https://www.who.int/data/gho/indicator-metadata-registry/imr-details/2321","SA_0000001695_SWE","Data source","","PUBLISHED","Published","","1992","1992","","EUR","Europe","","SWE","Sweden","","843.6","","","","","",""
"SA_0000001695","Cautions and arrests for public drunkenness, per 100,000 population","https://www.who.int/data/gho/indicator-metadata-registry/imr-details/2321","SA_0000001695_SWE","Data source","","PUBLISHED","Published","","2002","2002","","EUR","Europe","","SWE","Sweden","","586.5","","","","","",""
"SA_0000001695","Cautions and arrests for public drunkenness, per 100,000 population","https://www.who.int/data/gho/indicator-metadata-registry/imr-details/2321","SA_0000001695_SWE","Data source","","PUBLISHED","Published","","2009","2009","","EUR","Europe","","SWE","Sweden","","663.9","","","","","",""
"SA_0000001695","Cautions and arrests for public drunkenness, per 100,000 population","https://www.who.int/data/gho/indicator-metadata-registry/imr-details/2321","SA_0000001695_SWE","Data source","","PUBLISHED","Published","","1990","1990","","EUR","Europe","","SWE","Sweden","","877.1","","","","","",""
"SA_0000001695","Cautions and arrests for public drunkenness, per 100,000 population","https://www.who.int/data/gho/indicator-metadata-registry/imr-details/2321","SA_0000001695_SWE","Data source","","PUBLISHED","Published","","2007","2007","","EUR","Europe","","SWE","Sweden","","683.3","","","","","",""
"SA_0000001695","Cautions and arrests for public drunkenness, per 100,000 population","https://www.who.int/data/gho/indicator-metadata-registry/imr-details/2321","SA_0000001695_SWE","Data source","","PUBLISHED","Published","","2008","2008","","EUR","Europe","","SWE","Sweden","","717.1","","","","","",""
"SA_0000001695","Cautions and arrests for public drunkenness, per 100,000 population","https://www.who.int/data/gho/indicator-metadata-registry/imr-details/2321","SA_0000001695_SWE","Data source","","PUBLISHED","Published","","1991","1991","","EUR","Europe","","SWE","Sweden","","858.1","","","","","",""
"SA_0000001695","Cautions and arrests for public drunkenness, per 100,000 population","https://www.who.int/data/gho/indicator-metadata-registry/imr-details/2321","SA_0000001695_SWE","Data source","","PUBLISHED","Published","","1993","1993","","EUR","Europe","","SWE","Sweden","","831.7","","","","","",""
"SA_0000001695","Cautions and arrests for public drunkenness, per 100,000 population","https://www.who.int/data/gho/indicator-metadata-registry/imr-details/2321","SA_0000001695_SWE","Data source","","PUBLISHED","Published","","1995","1995","","EUR","Europe","","SWE","Sweden","","721.8","","","","","",""
"SA_0000001695","Cautions and arrests for public drunkenness, per 100,000 population","https://www.who.int/data/gho/indicator-metadata-registry/imr-details/2321","SA_0000001695_SWE","Data source","","PUBLISHED","Published","","2001","2001","","EUR","Europe","","SWE","Sweden","","748.4","","","","","",""
"SA_0000001695","Cautions and arrests for public drunkenness, per 100,000 population","https://www.who.int/data/gho/indicator-metadata-registry/imr-details/2321","SA_0000001695_SWE","Data source","","PUBLISHED","Published","","2003","2003","","EUR","Europe","","SWE","Sweden","","534.6","","","","","",""
"SA_0000001695","Cautions and arrests for public drunkenness, per 100,000 population","https://www.who.int/data/gho/indicator-metadata-registry/imr-details/2321","SA_0000001695_SWE","Data source","","PUBLISHED","Published","","1997","1997","","EUR","Europe","","SWE","Sweden","","No data","","","","","",""
"SA_0000001695","Cautions and arrests for public drunkenness, per 100,000 population","https://www.who.int/data/gho/indicator-metadata-registry/imr-details/2321","SA_0000001695_SWE","Data source","","PUBLISHED","Published","","1999","1999","","EUR","Europe","","SWE","Sweden","","653.2","","","","","",""
"SA_0000001695","Cautions and arrests for public drunkenness, per 100,000 population","https://www.who.int/data/gho/indicator-metadata-registry/imr-details/2321","SA_0000001695_SWE","Data source","","PUBLISHED","Published","","1994","1994","","EUR","Europe","","SWE","Sweden","","908.5","","","","","",""
"SA_0000001695","Cautions and arrests for public drunkenness, per 100,000 population","https://www.who.int/data/gho/indicator-metadata-registry/imr-details/2321","SA_0000001695_SWE","Data source","","PUBLISHED","Published","","2004","2004","","EUR","Europe","","SWE","Sweden","","507.1","","","","","",""
"SA_0000001695","Cautions and arrests for public drunkenness, per 100,000 population","https://www.who.int/data/gho/indicator-metadata-registry/imr-details/2321","SA_0000001695_SWE","Data source","","PUBLISHED","Published","","1996","1996","","EUR","Europe","","SWE","Sweden","","654.1","","","","","",""
"SA_0000001695","Cautions and arrests for public drunkenness, per 100,000 population","https://www.who.int/data/gho/indicator-metadata-registry/imr-details/2321","SA_0000001695_SWE","Data source","","PUBLISHED","Published","","1998","1998","","EUR","Europe","","SWE","Sweden","","No data","","","","","",""
"SA_0000001695","Cautions and arrests for public drunkenness, per 100,000 population","https://www.who.int/data/gho/indicator-metadata-registry/imr-details/2321","SA_0000001695_SWE","Data source","","PUBLISHED","Published","","2000","2000","","EUR","Europe","","SWE","Sweden","","691.9","","","","","",""
"SA_0000001695","Cautions and arrests for public drunkenness, per 100,000 population","https://www.who.int/data/gho/indicator-metadata-registry/imr-details/2321","SA_0000001695_SWE","Data source","","PUBLISHED","Published","","2005","2005","","EUR","Europe","","SWE","Sweden","","540.5","","","","","",""
"SA_0000001695","Cautions and arrests for public drunkenness, per 100,000 population","https://www.who.int/data/gho/indicator-metadata-registry/imr-details/2321","SA_0000001695_SWE","Data source","","PUBLISHED","Published","","2006","2006","","EUR","Europe","","SWE","Sweden","","614.2","","","","","",""
"SA_0000001695","Cautions and arrests for public drunkenness, per 100,000 population","https://www.who.int/data/gho/indicator-metadata-registry/imr-details/2321","SA_0000001695_TON","Data source","","PUBLISHED","Published","","1990","1990","","WPR","Western Pacific","","TON","Tonga","","1183.4","","","","","",""
"SA_0000001695","Cautions and arrests for public drunkenness, per 100,000 population","https://www.who.int/data/gho/indicator-metadata-registry/imr-details/2321","SA_0000001695_TON","Data source","","PUBLISHED","Published","","1992","1992","","WPR","Western Pacific","","TON","Tonga","","1582.5","","","","","",""
"SA_0000001695","Cautions and arrests for public drunkenness, per 100,000 population","https://www.who.int/data/gho/indicator-metadata-registry/imr-details/2321","SA_0000001695_TON","Data source","","PUBLISHED","Published","","1994","1994","","WPR","Western Pacific","","TON","Tonga","","1094.3","","","","","",""
"SA_0000001695","Cautions and arrests for public drunkenness, per 100,000 population","https://www.who.int/data/gho/indicator-metadata-registry/imr-details/2321","SA_0000001695_TON","Data source","","PUBLISHED","Published","","1991","1991","","WPR","Western Pacific","","TON","Tonga","","929.7","","","","","",""
"SA_0000001695","Cautions and arrests for public drunkenness, per 100,000 population","https://www.who.int/data/gho/indicator-metadata-registry/imr-details/2321","SA_0000001695_TON","Data source","","PUBLISHED","Published","","1993","1993","","WPR","Western Pacific","","TON","Tonga","","1115.9","","","","","",""
"SA_0000001695","Cautions and arrests for public drunkenness, per 100,000 population","https://www.who.int/data/gho/indicator-metadata-registry/imr-details/2321","SA_0000001695_UKR","Data source","","PUBLISHED","Published","","1993","1993","","EUR","Europe","","UKR","Ukraine","","2321.6","","","","","",""
"SA_0000001695","Cautions and arrests for public drunkenness, per 100,000 population","https://www.who.int/data/gho/indicator-metadata-registry/imr-details/2321","SA_0000001695_UKR","Data source","","PUBLISHED","Published","","2004","2004","","EUR","Europe","","UKR","Ukraine","","848.1","","","","","",""
"SA_0000001695","Cautions and arrests for public drunkenness, per 100,000 population","https://www.who.int/data/gho/indicator-metadata-registry/imr-details/2321","SA_0000001695_UKR","Data source","","PUBLISHED","Published","","2011","2011","","EUR","Europe","","UKR","Ukraine","","1369.2","","","","","",""
"SA_0000001695","Cautions and arrests for public drunkenness, per 100,000 population","https://www.who.int/data/gho/indicator-metadata-registry/imr-details/2321","SA_0000001695_UKR","Data source","","PUBLISHED","Published","","2005","2005","","EUR","Europe","","UKR","Ukraine","","772.5","","","","","",""
"SA_0000001695","Cautions and arrests for public drunkenness, per 100,000 population","https://www.who.int/data/gho/indicator-metadata-registry/imr-details/2321","SA_0000001695_UKR","Data source","","PUBLISHED","Published","","2006","2006","","EUR","Europe","","UKR","Ukraine","","875.4","","","","","",""
"SA_0000001695","Cautions and arrests for public drunkenness, per 100,000 population","https://www.who.int/data/gho/indicator-metadata-registry/imr-details/2321","SA_0000001695_UKR","Data source","","PUBLISHED","Published","","2009","2009","","EUR","Europe","","UKR","Ukraine","","1214.9","","","","","",""
"SA_0000001695","Cautions and arrests for public drunkenness, per 100,000 population","https://www.who.int/data/gho/indicator-metadata-registry/imr-details/2321","SA_0000001695_UKR","Data source","","PUBLISHED","Published","","1994","1994","","EUR","Europe","","UKR","Ukraine","","2329.1","","","","","",""
"SA_0000001695","Cautions and arrests for public drunkenness, per 100,000 population","https://www.who.int/data/gho/indicator-metadata-registry/imr-details/2321","SA_0000001695_UKR","Data source","","PUBLISHED","Published","","2000","2000","","EUR","Europe","","UKR","Ukraine","","1416.1","","","","","",""
"SA_0000001695","Cautions and arrests for public drunkenness, per 100,000 population","https://www.who.int/data/gho/indicator-metadata-registry/imr-details/2321","SA_0000001695_UKR","Data source","","PUBLISHED","Published","","2003","2003","","EUR","Europe","","UKR","Ukraine","","949.6","","","","","",""
"SA_0000001695","Cautions and arrests for public drunkenness, per 100,000 population","https://www.who.int/data/gho/indicator-metadata-registry/imr-details/2321","SA_0000001695_UKR","Data source","","PUBLISHED","Published","","2010","2010","","EUR","Europe","","UKR","Ukraine","","1527.1","","","","","",""
"SA_0000001695","Cautions and arrests for public drunkenness, per 100,000 population","https://www.who.int/data/gho/indicator-metadata-registry/imr-details/2321","SA_0000001695_UKR","Data source","","PUBLISHED","Published","","2012","2012","","EUR","Europe","","UKR","Ukraine","","826.1","","","","","",""
"SA_0000001695","Cautions and arrests for public drunkenness, per 100,000 population","https://www.who.int/data/gho/indicator-metadata-registry/imr-details/2321","SA_0000001695_UKR","Data source","","PUBLISHED","Published","","2001","2001","","EUR","Europe","","UKR","Ukraine","","No data","","","","","",""
"SA_0000001695","Cautions and arrests for public drunkenness, per 100,000 population","https://www.who.int/data/gho/indicator-metadata-registry/imr-details/2321","SA_0000001695_UKR","Data source","","PUBLISHED","Published","","1995","1995","","EUR","Europe","","UKR","Ukraine","","2871.8","","","","","",""
"SA_0000001695","Cautions and arrests for public drunkenness, per 100,000 population","https://www.who.int/data/gho/indicator-metadata-registry/imr-details/2321","SA_0000001695_UKR","Data source","","PUBLISHED","Published","","2015","2015","","EUR","Europe","","UKR","Ukraine","","484.8","","","","","",""
"SA_0000001695","Cautions and arrests for public drunkenness, per 100,000 population","https://www.who.int/data/gho/indicator-metadata-registry/imr-details/2321","SA_0000001695_UKR","Data source","","PUBLISHED","Published","","2002","2002","","EUR","Europe","","UKR","Ukraine","","987.5","","","","","",""
"SA_0000001695","Cautions and arrests for public drunkenness, per 100,000 population","https://www.who.int/data/gho/indicator-metadata-registry/imr-details/2321","SA_0000001695_UKR","Data source","","PUBLISHED","Published","","2013","2013","","EUR","Europe","","UKR","Ukraine","","900.9","","","","","",""
"SA_0000001695","Cautions and arrests for public drunkenness, per 100,000 population","https://www.who.int/data/gho/indicator-metadata-registry/imr-details/2321","SA_0000001695_UKR","Data source","","PUBLISHED","Published","","1990","1990","","EUR","Europe","","UKR","Ukraine","","1363.8","","","","","",""
"SA_0000001695","Cautions and arrests for public drunkenness, per 100,000 population","https://www.who.int/data/gho/indicator-metadata-registry/imr-details/2321","SA_0000001695_UKR","Data source","","PUBLISHED","Published","","2014","2014","","EUR","Europe","","UKR","Ukraine","","540.9","","","","","",""
"SA_0000001695","Cautions and arrests for public drunkenness, per 100,000 population","https://www.who.int/data/gho/indicator-metadata-registry/imr-details/2321","SA_0000001695_UKR","Data source","","PUBLISHED","Published","","2007","2007","","EUR","Europe","","UKR","Ukraine","","1000.4","","","","","",""
"SA_0000001695","Cautions and arrests for public drunkenness, per 100,000 population","https://www.who.int/data/gho/indicator-metadata-registry/imr-details/2321","SA_0000001695_UKR","Data source","","PUBLISHED","Published","","2008","2008","","EUR","Europe","","UKR","Ukraine","","1023.3","","","","","",""
"SA_0000001695","Cautions and arrests for public drunkenness, per 100,000 population","https://www.who.int/data/gho/indicator-metadata-registry/imr-details/2321","SA_0000001695_USA","Data source","","PUBLISHED","Published","","2002","2002","","AMR","Americas","","USA","United States of America","","198.5","","","","","",""
"SA_0000001695","Cautions and arrests for public drunkenness, per 100,000 population","https://www.who.int/data/gho/indicator-metadata-registry/imr-details/2321","SA_0000001695_USA","Data source","","PUBLISHED","Published","","2009","2009","","AMR","Americas","","USA","United States of America","","193.4","","","","","",""
"SA_0000001695","Cautions and arrests for public drunkenness, per 100,000 population","https://www.who.int/data/gho/indicator-metadata-registry/imr-details/2321","SA_0000001695_USA","Data source","","PUBLISHED","Published","","2014","2014","","AMR","Americas","","USA","United States of America","","129.9","","","","","",""
"SA_0000001695","Cautions and arrests for public drunkenness, per 100,000 population","https://www.who.int/data/gho/indicator-metadata-registry/imr-details/2321","SA_0000001695_USA","Data source","","PUBLISHED","Published","","2001","2001","","AMR","Americas","","USA","United States of America","","216.5","","","","","",""
"SA_0000001695","Cautions and arrests for public drunkenness, per 100,000 population","https://www.who.int/data/gho/indicator-metadata-registry/imr-details/2321","SA_0000001695_USA","Data source","","PUBLISHED","Published","","2008","2008","","AMR","Americas","","USA","United States of America","","200.7","","","","","",""
"SA_0000001695","Cautions and arrests for public drunkenness, per 100,000 population","https://www.who.int/data/gho/indicator-metadata-registry/imr-details/2321","SA_0000001695_USA","Data source","","PUBLISHED","Published","","2010","2010","","AMR","Americas","","USA","United States of America","","180.9","","","","","",""
"SA_0000001695","Cautions and arrests for public drunkenness, per 100,000 population","https://www.who.int/data/gho/indicator-metadata-registry/imr-details/2321","SA_0000001695_USA","Data source","","PUBLISHED","Published","","2003","2003","","AMR","Americas","","USA","United States of America","","188.5","","","","","",""
"SA_0000001695","Cautions and arrests for public drunkenness, per 100,000 population","https://www.who.int/data/gho/indicator-metadata-registry/imr-details/2321","SA_0000001695_USA","Data source","","PUBLISHED","Published","","2005","2005","","AMR","Americas","","USA","United States of America","","187.8","","","","","",""
"SA_0000001695","Cautions and arrests for public drunkenness, per 100,000 population","https://www.who.int/data/gho/indicator-metadata-registry/imr-details/2321","SA_0000001695_USA","Data source","","PUBLISHED","Published","","2007","2007","","AMR","Americas","","USA","United States of America","","195.4","","","","","",""
"SA_0000001695","Cautions and arrests for public drunkenness, per 100,000 population","https://www.who.int/data/gho/indicator-metadata-registry/imr-details/2321","SA_0000001695_USA","Data source","","PUBLISHED","Published","","2000","2000","","AMR","Americas","","USA","United States of America","","225.4","","","","","",""
"SA_0000001695","Cautions and arrests for public drunkenness, per 100,000 population","https://www.who.int/data/gho/indicator-metadata-registry/imr-details/2321","SA_0000001695_USA","Data source","","PUBLISHED","Published","","2011","2011","","AMR","Americas","","USA","United States of America","","171","","","","","",""
"SA_0000001695","Cautions and arrests for public drunkenness, per 100,000 population","https://www.who.int/data/gho/indicator-metadata-registry/imr-details/2321","SA_0000001695_USA","Data source","","PUBLISHED","Published","","2004","2004","","AMR","Americas","","USA","United States of America","","188.3","","","","","",""
"SA_0000001695","Cautions and arrests for public drunkenness, per 100,000 population","https://www.who.int/data/gho/indicator-metadata-registry/imr-details/2321","SA_0000001695_USA","Data source","","PUBLISHED","Published","","2006","2006","","AMR","Americas","","USA","United States of America","","185.1","","","","","",""
"SA_0000001695","Cautions and arrests for public drunkenness, per 100,000 population","https://www.who.int/data/gho/indicator-metadata-registry/imr-details/2321","SA_0000001695_USA","Data source","","PUBLISHED","Published","","2012","2012","","AMR","Americas","","USA","United States of America","","162.4","","","","","",""
"SA_0000001695","Cautions and arrests for public drunkenness, per 100,000 population","https://www.who.int/data/gho/indicator-metadata-registry/imr-details/2321","SA_0000001695_USA","Data source","","PUBLISHED","Published","","2013","2013","","AMR","Americas","","USA","United States of America","","139.9","","","","","",""
"SA_0000001695","Cautions and arrests for public drunkenness, per 100,000 population","https://www.who.int/data/gho/indicator-metadata-registry/imr-details/2321","SA_0000001695_ZWE","Data source","","PUBLISHED","Published","","1994","1994","","AFR","Africa","","ZWE","Zimbabwe","","105.1","","","","","",""
"SA_0000001695","Cautions and arrests for public drunkenness, per 100,000 population","https://www.who.int/data/gho/indicator-metadata-registry/imr-details/2321","SA_0000001695_ZWE","Data source","","PUBLISHED","Published","","2011","2011","","AFR","Africa","","ZWE","Zimbabwe","","42.3","","","","","",""
"SA_0000001695","Cautions and arrests for public drunkenness, per 100,000 population","https://www.who.int/data/gho/indicator-metadata-registry/imr-details/2321","SA_0000001695_ZWE","Data source","","PUBLISHED","Published","","2010","2010","","AFR","Africa","","ZWE","Zimbabwe","","55.3","","","","","",""
"SA_0000001695","Cautions and arrests for public drunkenness, per 100,000 population","https://www.who.int/data/gho/indicator-metadata-registry/imr-details/2321","SA_0000001695_ZWE","Data source","","PUBLISHED","Published","","1993","1993","","AFR","Africa","","ZWE","Zimbabwe","","88.3","","","","","",""
"SA_0000001695","Cautions and arrests for public drunkenness, per 100,000 population","https://www.who.int/data/gho/indicator-metadata-registry/imr-details/2321","SA_0000001695_ZWE","Data source","","PUBLISHED","Published","","2012","2012","","AFR","Africa","","ZWE","Zimbabwe","","44.6","","","","","",""
"SA_0000001695","Cautions and arrests for public drunkenness, per 100,000 population","https://www.who.int/data/gho/indicator-metadata-registry/imr-details/2321","SA_0000001695_ZWE","Data source","","PUBLISHED","Published","","2014","2014","","AFR","Africa","","ZWE","Zimbabwe","","35.7","","","","","",""
"SA_0000001695","Cautions and arrests for public drunkenness, per 100,000 population","https://www.who.int/data/gho/indicator-metadata-registry/imr-details/2321","SA_0000001695_ZWE","Data source","","PUBLISHED","Published","","2015","2015","","AFR","Africa","","ZWE","Zimbabwe","","49.2","","","","","",""
"SA_0000001695","Cautions and arrests for public drunkenness, per 100,000 population","https://www.who.int/data/gho/indicator-metadata-registry/imr-details/2321","SA_0000001695_ZWE","Data source","","PUBLISHED","Published","","1992","1992","","AFR","Africa","","ZWE","Zimbabwe","","86.9","","","","","",""
"SA_0000001695","Cautions and arrests for public drunkenness, per 100,000 population","https://www.who.int/data/gho/indicator-metadata-registry/imr-details/2321","SA_0000001695_ZWE","Data source","","PUBLISHED","Published","","2013","2013","","AFR","Africa","","ZWE","Zimbabwe","","36.6","","","","","",""
"SA_0000001695","Cautions and arrests for public drunkenness, per 100,000 population","https://www.who.int/data/gho/indicator-metadata-registry/imr-details/2321","SA_0000001695_ZWE","Data source","","PUBLISHED","Published","","2016","2016","","AFR","Africa","","ZWE","Zimbabwe","","36.2","","","","","",""
"SA_0000001695","Cautions and arrests for public drunkenness, per 100,000 population","https://www.who.int/data/gho/indicator-metadata-registry/imr-details/2321","SA_0000001695_ZWE","Data source","","PUBLISHED","Published","","1990","1990","","AFR","Africa","","ZWE","Zimbabwe","","73.4","","","","","",""
"SA_0000001695","Cautions and arrests for public drunkenness, per 100,000 population","https://www.who.int/data/gho/indicator-metadata-registry/imr-details/2321","SA_0000001695_ZWE","Data source","","PUBLISHED","Published","","1991","1991","","AFR","Africa","","ZWE","Zimbabwe","","102.2","","","","","",""
