GHO (CODE),YEAR (CODE),YEAR (DISPLAY),YEAR (URL),REGION (CODE),REGION (DISPLAY),REGION (URL),COUNTRY (CODE),COUNTRY (DISPLAY),COUNTRY (URL),BACGROUP (CODE),BACGROUP (DISPLAY),BACGROUP (URL),Display Value,Numeric,Low,High,StdErr,StdDev,Comments
SA_0000001520,2016,2016,,AFR,Africa,,GMB,Gambia,,SA_PROFESS_COMMERCE_DRIVERS,Professional/commercial drivers,,none,,,,,,
SA_0000001520,2016,2016,,AMR,Americas,,KNA,Saint Kitts and Nevis,,SA_PROFESS_COMMERCE_DRIVERS,Professional/commercial drivers,,0.08%,,,,,,
SA_0000001520,2016,2016,,AMR,Americas,,LCA,Saint Lucia,,SA_YOUNG_NOVICE_DRIVERS,Young/novice drivers,,0.08%,,,,,,
SA_0000001520,2016,2016,,AMR,Americas,,SUR,Suriname,,SA_GENERAL_POPULATION,General population,,0.05%,,,,,,
SA_0000001520,2016,2016,,AFR,Africa,,GHA,Ghana,,SA_YOUNG_NOVICE_DRIVERS,Young/novice drivers,,0.08%,,,,,,
SA_0000001520,2016,2016,,AFR,Africa,,GNB,Guinea-Bissau,,SA_PROFESS_COMMERCE_DRIVERS,Professional/commercial drivers,,none,,,,,,
SA_0000001520,2016,2016,,AFR,Africa,,KEN,Kenya,,SA_YOUNG_NOVICE_DRIVERS,Young/novice drivers,,0.08%,,,,,,
SA_0000001520,2016,2016,,AFR,Africa,,MOZ,Mozambique,,SA_GENERAL_POPULATION,General population,,0.06%,,,,,,
SA_0000001520,2016,2016,,AFR,Africa,,MOZ,Mozambique,,SA_PROFESS_COMMERCE_DRIVERS,Professional/commercial drivers,,zero tolerance,,,,,,
SA_0000001520,2016,2016,,AFR,Africa,,CMR,Cameroon,,SA_YOUNG_NOVICE_DRIVERS,Young/novice drivers,,0.08%,,,,,,
SA_0000001520,2016,2016,,EMR,Eastern Mediterranean,,SAU,Saudi Arabia,,SA_PROFESS_COMMERCE_DRIVERS,Professional/commercial drivers,,total ban,,,,,,
SA_0000001520,2016,2016,,EMR,Eastern Mediterranean,,SOM,Somalia,,SA_YOUNG_NOVICE_DRIVERS,Young/novice drivers,,total ban,,,,,,
SA_0000001520,2016,2016,,EMR,Eastern Mediterranean,,SYR,Syrian Arab Republic,,SA_PROFESS_COMMERCE_DRIVERS,Professional/commercial drivers,,none,,,,,,
SA_0000001520,2016,2016,,EMR,Eastern Mediterranean,,TUN,Tunisia,,SA_YOUNG_NOVICE_DRIVERS,Young/novice drivers,,0.05%,,,,,,
SA_0000001520,2016,2016,,EUR,Europe,,BLR,Belarus,,SA_GENERAL_POPULATION,General population,,0.03%,,,,,,
SA_0000001520,2016,2016,,EUR,Europe,,BLR,Belarus,,SA_PROFESS_COMMERCE_DRIVERS,Professional/commercial drivers,,0.03%,,,,,,
SA_0000001520,2016,2016,,EUR,Europe,,BGR,Bulgaria,,SA_GENERAL_POPULATION,General population,,0.05%,,,,,,
SA_0000001520,2016,2016,,EUR,Europe,,BGR,Bulgaria,,SA_PROFESS_COMMERCE_DRIVERS,Professional/commercial drivers,,0.05%,,,,,,
SA_0000001520,2016,2016,,EUR,Europe,,GEO,Georgia,,SA_YOUNG_NOVICE_DRIVERS,Young/novice drivers,,0.03%,,,,,,
SA_0000001520,2016,2016,,EUR,Europe,,DEU,Germany,,SA_GENERAL_POPULATION,General population,,0.05%,,,,,,
SA_0000001520,2016,2016,,EUR,Europe,,GRC,Greece,,SA_PROFESS_COMMERCE_DRIVERS,Professional/commercial drivers,,0.02%,,,,,,
SA_0000001520,2016,2016,,EUR,Europe,,HUN,Hungary,,SA_YOUNG_NOVICE_DRIVERS,Young/novice drivers,,zero tolerance,,,,,,
SA_0000001520,2016,2016,,EUR,Europe,,LTU,Lithuania,,SA_GENERAL_POPULATION,General population,,0.04%,,,,,,
SA_0000001520,2016,2016,,EUR,Europe,,LTU,Lithuania,,SA_PROFESS_COMMERCE_DRIVERS,Professional/commercial drivers,,zero tolerance,,,,,,
SA_0000001520,2016,2016,,EUR,Europe,,MCO,Monaco,,SA_GENERAL_POPULATION,General population,,0.02%,,,,,,
SA_0000001520,2016,2016,,EUR,Europe,,MCO,Monaco,,SA_PROFESS_COMMERCE_DRIVERS,Professional/commercial drivers,,0.02%,,,,,,
SA_0000001520,2016,2016,,EUR,Europe,,RUS,Russian Federation,,SA_YOUNG_NOVICE_DRIVERS,Young/novice drivers,,0.04%,,,,,,
SA_0000001520,2016,2016,,EUR,Europe,,SMR,San Marino,,SA_GENERAL_POPULATION,General population,,0.05%,,,,,,
SA_0000001520,2016,2016,,EUR,Europe,,SVK,Slovakia,,SA_YOUNG_NOVICE_DRIVERS,Young/novice drivers,,zero tolerance,,,,,,
SA_0000001520,2016,2016,,EUR,Europe,,SVN,Slovenia,,SA_GENERAL_POPULATION,General population,,0.05%,,,,,,
SA_0000001520,2016,2016,,EUR,Europe,,TKM,Turkmenistan,,SA_PROFESS_COMMERCE_DRIVERS,Professional/commercial drivers,,0.03%,,,,,,
SA_0000001520,2016,2016,,EUR,Europe,,UKR,Ukraine,,SA_YOUNG_NOVICE_DRIVERS,Young/novice drivers,,0.02%,,,,,,
SA_0000001520,2016,2016,,AFR,Africa,,CAF,Central African Republic,,SA_GENERAL_POPULATION,General population,,0.08%,,,,,,
SA_0000001520,2016,2016,,AFR,Africa,,CAF,Central African Republic,,SA_PROFESS_COMMERCE_DRIVERS,Professional/commercial drivers,,0.08%,,,,,,
SA_0000001520,2016,2016,,AFR,Africa,,COM,Comoros,,SA_YOUNG_NOVICE_DRIVERS,Young/novice drivers,,none,,,,,,
SA_0000001520,2016,2016,,AFR,Africa,,COG,Congo,,SA_GENERAL_POPULATION,General population,,0.08%,,,,,,
SA_0000001520,2016,2016,,AMR,Americas,,SUR,Suriname,,SA_PROFESS_COMMERCE_DRIVERS,Professional/commercial drivers,,0.05%,,,,,,
SA_0000001520,2016,2016,,EMR,Eastern Mediterranean,,EGY,Egypt,,SA_YOUNG_NOVICE_DRIVERS,Young/novice drivers,,none,,,,,,
SA_0000001520,2016,2016,,EMR,Eastern Mediterranean,,IRN,Iran (Islamic Republic of),,SA_GENERAL_POPULATION,General population,,zero tolerance,,,,,,
SA_0000001520,2016,2016,,WPR,Western Pacific,,LAO,Lao People's Democratic Republic,,SA_YOUNG_NOVICE_DRIVERS,Young/novice drivers,,0.05%,,,,,,
SA_0000001520,2016,2016,,EMR,Eastern Mediterranean,,IRN,Iran (Islamic Republic of),,SA_PROFESS_COMMERCE_DRIVERS,Professional/commercial drivers,,zero tolerance,,,,,,
SA_0000001520,2016,2016,,EMR,Eastern Mediterranean,,JOR,Jordan,,SA_YOUNG_NOVICE_DRIVERS,Young/novice drivers,,0.08%,,,,,,
SA_0000001520,2016,2016,,EMR,Eastern Mediterranean,,KWT,Kuwait,,SA_GENERAL_POPULATION,General population,,.,,,,,,
SA_0000001520,2016,2016,,WPR,Western Pacific,,KOR,Republic of Korea,,SA_PROFESS_COMMERCE_DRIVERS,Professional/commercial drivers,,0.05%,,,,,,
SA_0000001520,2016,2016,,AFR,Africa,,NGA,Nigeria,,SA_GENERAL_POPULATION,General population,,0.08%,,,,,,
SA_0000001520,2016,2016,,AFR,Africa,,NGA,Nigeria,,SA_PROFESS_COMMERCE_DRIVERS,Professional/commercial drivers,,0.08%,,,,,,
SA_0000001520,2016,2016,,AFR,Africa,,SWZ,Eswatini,,SA_YOUNG_NOVICE_DRIVERS,Young/novice drivers,,0.04%,,,,,,
SA_0000001520,2016,2016,,AFR,Africa,,TGO,Togo,,SA_GENERAL_POPULATION,General population,,none,,,,,,
SA_0000001520,2016,2016,,AFR,Africa,,UGA,Uganda,,SA_PROFESS_COMMERCE_DRIVERS,Professional/commercial drivers,,0.08%,,,,,,
SA_0000001520,2016,2016,,AFR,Africa,,TZA,United Republic of Tanzania,,SA_YOUNG_NOVICE_DRIVERS,Young/novice drivers,,0.08%,,,,,,
SA_0000001520,2016,2016,,AMR,Americas,,BOL,Bolivia (Plurinational State of),,SA_GENERAL_POPULATION,General population,,0.05%,,,,,,
SA_0000001520,2016,2016,,AMR,Americas,,BOL,Bolivia (Plurinational State of),,SA_PROFESS_COMMERCE_DRIVERS,Professional/commercial drivers,,0.05%,,,,,,
SA_0000001520,2016,2016,,AMR,Americas,,CHL,Chile,,SA_GENERAL_POPULATION,General population,,0.03%,,,,,,
SA_0000001520,2016,2016,,AMR,Americas,,CHL,Chile,,SA_PROFESS_COMMERCE_DRIVERS,Professional/commercial drivers,,0.03%,,,,,,
SA_0000001520,2016,2016,,AMR,Americas,,GRD,Grenada,,SA_YOUNG_NOVICE_DRIVERS,Young/novice drivers,,none,,,,,,
SA_0000001520,2016,2016,,AMR,Americas,,GTM,Guatemala,,SA_GENERAL_POPULATION,General population,,none,,,,,,
SA_0000001520,2016,2016,,AMR,Americas,,HTI,Haiti,,SA_YOUNG_NOVICE_DRIVERS,Young/novice drivers,,.,,,,,,
SA_0000001520,2016,2016,,AMR,Americas,,HND,Honduras,,SA_GENERAL_POPULATION,General population,,0.07%,,,,,,
SA_0000001520,2016,2016,,EUR,Europe,,UZB,Uzbekistan,,SA_GENERAL_POPULATION,General population,,zero tolerance,,,,,,
SA_0000001520,2016,2016,,EUR,Europe,,UZB,Uzbekistan,,SA_PROFESS_COMMERCE_DRIVERS,Professional/commercial drivers,,zero tolerance,,,,,,
SA_0000001520,2016,2016,,SEAR,South-East Asia,,NPL,Nepal,,SA_YOUNG_NOVICE_DRIVERS,Young/novice drivers,,.,,,,,,
SA_0000001520,2016,2016,,SEAR,South-East Asia,,LKA,Sri Lanka,,SA_GENERAL_POPULATION,General population,,0.08%,,,,,,
SA_0000001520,2016,2016,,WPR,Western Pacific,,AUS,Australia,,SA_GENERAL_POPULATION,General population,,0.05%,,,,,,
SA_0000001520,2016,2016,,WPR,Western Pacific,,KIR,Kiribati,,SA_PROFESS_COMMERCE_DRIVERS,Professional/commercial drivers,,0.08%,,,,,,
SA_0000001520,2016,2016,,WPR,Western Pacific,,MHL,Marshall Islands,,SA_PROFESS_COMMERCE_DRIVERS,Professional/commercial drivers,,none,,,,,,
SA_0000001520,2016,2016,,WPR,Western Pacific,,FSM,Micronesia (Federated States of),,SA_YOUNG_NOVICE_DRIVERS,Young/novice drivers,,.,,,,,,
SA_0000001520,2016,2016,,WPR,Western Pacific,,KOR,Republic of Korea,,SA_GENERAL_POPULATION,General population,,0.05%,,,,,,
SA_0000001520,2016,2016,,WPR,Western Pacific,,SLB,Solomon Islands,,SA_GENERAL_POPULATION,General population,,.,,,,,,
SA_0000001520,2016,2016,,WPR,Western Pacific,,SLB,Solomon Islands,,SA_PROFESS_COMMERCE_DRIVERS,Professional/commercial drivers,,.,,,,,,
SA_0000001520,2016,2016,,SEAR,South-East Asia,,TLS,Timor-Leste,,SA_YOUNG_NOVICE_DRIVERS,Young/novice drivers,,0.05%,,,,,,
SA_0000001520,2016,2016,,AFR,Africa,,ERI,Eritrea,,SA_GENERAL_POPULATION,General population,,0.05%,,,,,,
SA_0000001520,2016,2016,,AMR,Americas,,PAN,Panama,,SA_GENERAL_POPULATION,General population,,0.05%,,,,,,
SA_0000001520,2016,2016,,AMR,Americas,,LCA,Saint Lucia,,SA_PROFESS_COMMERCE_DRIVERS,Professional/commercial drivers,,0.08%,,,,,,
SA_0000001520,2016,2016,,AMR,Americas,,VCT,Saint Vincent and the Grenadines,,SA_PROFESS_COMMERCE_DRIVERS,Professional/commercial drivers,,none,,,,,,
SA_0000001520,2016,2016,,AFR,Africa,,GIN,Guinea,,SA_PROFESS_COMMERCE_DRIVERS,Professional/commercial drivers,,0.08%,,,,,,
SA_0000001520,2016,2016,,AFR,Africa,,GNB,Guinea-Bissau,,SA_GENERAL_POPULATION,General population,,none,,,,,,
SA_0000001520,2016,2016,,AFR,Africa,,MDG,Madagascar,,SA_PROFESS_COMMERCE_DRIVERS,Professional/commercial drivers,,0.04%,,,,,,
SA_0000001520,2016,2016,,AFR,Africa,,MWI,Malawi,,SA_PROFESS_COMMERCE_DRIVERS,Professional/commercial drivers,,0.08%,,,,,,
SA_0000001520,2016,2016,,AFR,Africa,,NAM,Namibia,,SA_YOUNG_NOVICE_DRIVERS,Young/novice drivers,,0.08%,,,,,,
SA_0000001520,2016,2016,,AFR,Africa,,NAM,Namibia,,SA_PROFESS_COMMERCE_DRIVERS,Professional/commercial drivers,,0.08%,,,,,,
SA_0000001520,2016,2016,,AFR,Africa,,BFA,Burkina Faso,,SA_GENERAL_POPULATION,General population,,0.05%,,,,,,
SA_0000001520,2016,2016,,AFR,Africa,,BFA,Burkina Faso,,SA_YOUNG_NOVICE_DRIVERS,Young/novice drivers,,0.05%,,,,,,
SA_0000001520,2016,2016,,AFR,Africa,,TCD,Chad,,SA_GENERAL_POPULATION,General population,,0.08%,,,,,,
SA_0000001520,2016,2016,,AFR,Africa,,COM,Comoros,,SA_GENERAL_POPULATION,General population,,none,,,,,,
SA_0000001520,2016,2016,,AFR,Africa,,GNQ,Equatorial Guinea,,SA_PROFESS_COMMERCE_DRIVERS,Professional/commercial drivers,,0.05%,,,,,,
SA_0000001520,2016,2016,,AMR,Americas,,VEN,Venezuela (Bolivarian Republic of),,SA_YOUNG_NOVICE_DRIVERS,Young/novice drivers,,0.08%,,,,,,
SA_0000001520,2016,2016,,AMR,Americas,,VEN,Venezuela (Bolivarian Republic of),,SA_PROFESS_COMMERCE_DRIVERS,Professional/commercial drivers,,0.08%,,,,,,
SA_0000001520,2016,2016,,EMR,Eastern Mediterranean,,IRQ,Iraq,,SA_YOUNG_NOVICE_DRIVERS,Young/novice drivers,,0.04%,,,,,,
SA_0000001520,2016,2016,,EMR,Eastern Mediterranean,,IRQ,Iraq,,SA_PROFESS_COMMERCE_DRIVERS,Professional/commercial drivers,,0.04%,,,,,,
SA_0000001520,2016,2016,,EUR,Europe,,DEU,Germany,,SA_PROFESS_COMMERCE_DRIVERS,Professional/commercial drivers,,zero tolerance,,,,,,
SA_0000001520,2016,2016,,EUR,Europe,,GRC,Greece,,SA_GENERAL_POPULATION,General population,,0.05%,,,,,,
SA_0000001520,2016,2016,,EUR,Europe,,ISR,Israel,,SA_PROFESS_COMMERCE_DRIVERS,Professional/commercial drivers,,0.01%,,,,,,
SA_0000001520,2016,2016,,EUR,Europe,,ITA,Italy,,SA_PROFESS_COMMERCE_DRIVERS,Professional/commercial drivers,,zero tolerance,,,,,,
SA_0000001520,2016,2016,,EUR,Europe,,KAZ,Kazakhstan,,SA_GENERAL_POPULATION,General population,,zero tolerance,,,,,,
SA_0000001520,2016,2016,,EUR,Europe,,LUX,Luxembourg,,SA_YOUNG_NOVICE_DRIVERS,Young/novice drivers,,0.02%,,,,,,
SA_0000001520,2016,2016,,EUR,Europe,,LUX,Luxembourg,,SA_PROFESS_COMMERCE_DRIVERS,Professional/commercial drivers,,0.02%,,,,,,
SA_0000001520,2016,2016,,EUR,Europe,,POL,Poland,,SA_YOUNG_NOVICE_DRIVERS,Young/novice drivers,,0.02%,,,,,,
SA_0000001520,2016,2016,,EUR,Europe,,POL,Poland,,SA_PROFESS_COMMERCE_DRIVERS,Professional/commercial drivers,,0.02%,,,,,,
SA_0000001520,2016,2016,,EMR,Eastern Mediterranean,,MAR,Morocco,,SA_YOUNG_NOVICE_DRIVERS,Young/novice drivers,,0.02%,,,,,,
SA_0000001520,2016,2016,,EMR,Eastern Mediterranean,,OMN,Oman,,SA_YOUNG_NOVICE_DRIVERS,Young/novice drivers,,0.08%,,,,,,
SA_0000001520,2016,2016,,EMR,Eastern Mediterranean,,SDN,Sudan,,SA_GENERAL_POPULATION,General population,,total ban,,,,,,
SA_0000001520,2016,2016,,EUR,Europe,,CHE,Switzerland,,SA_YOUNG_NOVICE_DRIVERS,Young/novice drivers,,0.01%,,,,,,
SA_0000001520,2016,2016,,EUR,Europe,,TJK,Tajikistan,,SA_YOUNG_NOVICE_DRIVERS,Young/novice drivers,,0.03%,,,,,,
SA_0000001520,2016,2016,,EUR,Europe,,GBR,United Kingdom of Great Britain and Northern Ireland,,SA_GENERAL_POPULATION,General population,,subnational,,,,,,
SA_0000001520,2016,2016,,AFR,Africa,,SYC,Seychelles,,SA_YOUNG_NOVICE_DRIVERS,Young/novice drivers,,0.08%,,,,,,
SA_0000001520,2016,2016,,AFR,Africa,,SYC,Seychelles,,SA_PROFESS_COMMERCE_DRIVERS,Professional/commercial drivers,,0.08%,,,,,,
SA_0000001520,2016,2016,,AFR,Africa,,TGO,Togo,,SA_YOUNG_NOVICE_DRIVERS,Young/novice drivers,,none,,,,,,
SA_0000001520,2016,2016,,AFR,Africa,,UGA,Uganda,,SA_YOUNG_NOVICE_DRIVERS,Young/novice drivers,,0.08%,,,,,,
SA_0000001520,2016,2016,,SEAR,South-East Asia,,THA,Thailand,,SA_GENERAL_POPULATION,General population,,0.05%,,,,,,
SA_0000001520,2016,2016,,SEAR,South-East Asia,,TLS,Timor-Leste,,SA_GENERAL_POPULATION,General population,,0.05%,,,,,,
SA_0000001520,2016,2016,,WPR,Western Pacific,,CHN,China,,SA_PROFESS_COMMERCE_DRIVERS,Professional/commercial drivers,,0.02%,,,,,,
SA_0000001520,2016,2016,,WPR,Western Pacific,,COK,Cook Islands,,SA_GENERAL_POPULATION,General population,,0.08%,,,,,,
SA_0000001520,2016,2016,,AMR,Americas,,ARG,Argentina,,SA_GENERAL_POPULATION,General population,,0.05%,,,,,,
SA_0000001520,2016,2016,,AMR,Americas,,ARG,Argentina,,SA_YOUNG_NOVICE_DRIVERS,Young/novice drivers,,0.05%,,,,,,
SA_0000001520,2016,2016,,WPR,Western Pacific,,WSM,Samoa,,SA_YOUNG_NOVICE_DRIVERS,Young/novice drivers,,0.04%,,,,,,
SA_0000001520,2016,2016,,WPR,Western Pacific,,WSM,Samoa,,SA_PROFESS_COMMERCE_DRIVERS,Professional/commercial drivers,,0.04%,,,,,,
SA_0000001520,2016,2016,,AMR,Americas,,DMA,Dominica,,SA_GENERAL_POPULATION,General population,,0.08%,,,,,,
SA_0000001520,2016,2016,,AMR,Americas,,GTM,Guatemala,,SA_PROFESS_COMMERCE_DRIVERS,Professional/commercial drivers,,none,,,,,,
SA_0000001520,2016,2016,,AMR,Americas,,GUY,Guyana,,SA_GENERAL_POPULATION,General population,,0.08%,,,,,,
SA_0000001520,2016,2016,,AMR,Americas,,NIC,Nicaragua,,SA_PROFESS_COMMERCE_DRIVERS,Professional/commercial drivers,,0.02%,,,,,,
SA_0000001520,2016,2016,,EMR,Eastern Mediterranean,,SDN,Sudan,,SA_YOUNG_NOVICE_DRIVERS,Young/novice drivers,,total ban,,,,,,
SA_0000001520,2016,2016,,EUR,Europe,,BIH,Bosnia and Herzegovina,,SA_YOUNG_NOVICE_DRIVERS,Young/novice drivers,,zero tolerance,,,,,,
SA_0000001520,2016,2016,,EUR,Europe,,CZE,Czechia,,SA_PROFESS_COMMERCE_DRIVERS,Professional/commercial drivers,,zero tolerance,,,,,,
SA_0000001520,2016,2016,,EUR,Europe,,DNK,Denmark,,SA_GENERAL_POPULATION,General population,,0.05%,,,,,,
SA_0000001520,2016,2016,,EUR,Europe,,SRB,Serbia,,SA_YOUNG_NOVICE_DRIVERS,Young/novice drivers,,zero tolerance,,,,,,
SA_0000001520,2016,2016,,EUR,Europe,,SRB,Serbia,,SA_PROFESS_COMMERCE_DRIVERS,Professional/commercial drivers,,zero tolerance,,,,,,
SA_0000001520,2016,2016,,EUR,Europe,,CHE,Switzerland,,SA_GENERAL_POPULATION,General population,,0.05%,,,,,,
SA_0000001520,2016,2016,,EUR,Europe,,GBR,United Kingdom of Great Britain and Northern Ireland,,SA_YOUNG_NOVICE_DRIVERS,Young/novice drivers,,subnational,,,,,,
SA_0000001520,2016,2016,,SEAR,South-East Asia,,IDN,Indonesia,,SA_GENERAL_POPULATION,General population,,none,,,,,,
SA_0000001520,2016,2016,,SEAR,South-East Asia,,IDN,Indonesia,,SA_YOUNG_NOVICE_DRIVERS,Young/novice drivers,,none,,,,,,
SA_0000001520,2016,2016,,SEAR,South-East Asia,,LKA,Sri Lanka,,SA_PROFESS_COMMERCE_DRIVERS,Professional/commercial drivers,,0.08%,,,,,,
SA_0000001520,2016,2016,,WPR,Western Pacific,,MYS,Malaysia,,SA_PROFESS_COMMERCE_DRIVERS,Professional/commercial drivers,,0.08%,,,,,,
SA_0000001520,2016,2016,,WPR,Western Pacific,,MHL,Marshall Islands,,SA_GENERAL_POPULATION,General population,,none,,,,,,
SA_0000001520,2016,2016,,WPR,Western Pacific,,NZL,New Zealand,,SA_PROFESS_COMMERCE_DRIVERS,Professional/commercial drivers,,0.05%,,,,,,
SA_0000001520,2016,2016,,WPR,Western Pacific,,NIU,Niue,,SA_PROFESS_COMMERCE_DRIVERS,Professional/commercial drivers,,.,,,,,,
SA_0000001520,2016,2016,,WPR,Western Pacific,,VNM,Viet Nam,,SA_YOUNG_NOVICE_DRIVERS,Young/novice drivers,,zero tolerance,,,,,,
SA_0000001520,2016,2016,,WPR,Western Pacific,,VNM,Viet Nam,,SA_PROFESS_COMMERCE_DRIVERS,Professional/commercial drivers,,zero tolerance,,,,,,
SA_0000001520,2016,2016,,EUR,Europe,,AND,Andorra,,SA_GENERAL_POPULATION,General population,,0.05%,,,,,,
SA_0000001520,2016,2016,,EUR,Europe,,AND,Andorra,,SA_YOUNG_NOVICE_DRIVERS,Young/novice drivers,,0.05%,,,,,,
SA_0000001520,2016,2016,,EUR,Europe,,BEL,Belgium,,SA_GENERAL_POPULATION,General population,,0.05%,,,,,,
SA_0000001520,2016,2016,,EUR,Europe,,BIH,Bosnia and Herzegovina,,SA_GENERAL_POPULATION,General population,,0.03%,,,,,,
SA_0000001520,2016,2016,,EMR,Eastern Mediterranean,,ARE,United Arab Emirates,,SA_GENERAL_POPULATION,General population,,zero tolerance,,,,,,
SA_0000001520,2016,2016,,AFR,Africa,,DZA,Algeria,,SA_GENERAL_POPULATION,General population,,0.02%,,,,,,
SA_0000001520,2016,2016,,AFR,Africa,,BEN,Benin,,SA_YOUNG_NOVICE_DRIVERS,Young/novice drivers,,0.05%,,,,,,
SA_0000001520,2016,2016,,AFR,Africa,,BFA,Burkina Faso,,SA_PROFESS_COMMERCE_DRIVERS,Professional/commercial drivers,,0.05%,,,,,,
SA_0000001520,2016,2016,,AFR,Africa,,CAF,Central African Republic,,SA_YOUNG_NOVICE_DRIVERS,Young/novice drivers,,0.08%,,,,,,
SA_0000001520,2016,2016,,AFR,Africa,,COM,Comoros,,SA_PROFESS_COMMERCE_DRIVERS,Professional/commercial drivers,,none,,,,,,
SA_0000001520,2016,2016,,AFR,Africa,,COD,Democratic Republic of the Congo,,SA_GENERAL_POPULATION,General population,,0.05%,,,,,,
SA_0000001520,2016,2016,,AFR,Africa,,ETH,Ethiopia,,SA_PROFESS_COMMERCE_DRIVERS,Professional/commercial drivers,,0.08%,,,,,,
SA_0000001520,2016,2016,,AFR,Africa,,GHA,Ghana,,SA_GENERAL_POPULATION,General population,,0.08%,,,,,,
SA_0000001520,2016,2016,,AFR,Africa,,GNB,Guinea-Bissau,,SA_YOUNG_NOVICE_DRIVERS,Young/novice drivers,,none,,,,,,
SA_0000001520,2016,2016,,AFR,Africa,,MDG,Madagascar,,SA_GENERAL_POPULATION,General population,,0.04%,,,,,,
SA_0000001520,2016,2016,,AFR,Africa,,MLI,Mali,,SA_YOUNG_NOVICE_DRIVERS,Young/novice drivers,,0.03%,,,,,,
SA_0000001520,2016,2016,,AFR,Africa,,MUS,Mauritius,,SA_PROFESS_COMMERCE_DRIVERS,Professional/commercial drivers,,0.05%,,,,,,
SA_0000001520,2016,2016,,AFR,Africa,,NGA,Nigeria,,SA_YOUNG_NOVICE_DRIVERS,Young/novice drivers,,0.08%,,,,,,
SA_0000001520,2016,2016,,AFR,Africa,,STP,Sao Tome and Principe,,SA_PROFESS_COMMERCE_DRIVERS,Professional/commercial drivers,,none,,,,,,
SA_0000001520,2016,2016,,AFR,Africa,,SLE,Sierra Leone,,SA_GENERAL_POPULATION,General population,,none,,,,,,
SA_0000001520,2016,2016,,AFR,Africa,,SWZ,Eswatini,,SA_PROFESS_COMMERCE_DRIVERS,Professional/commercial drivers,,0.04%,,,,,,
SA_0000001520,2016,2016,,AFR,Africa,,TZA,United Republic of Tanzania,,SA_GENERAL_POPULATION,General population,,0.08%,,,,,,
SA_0000001520,2016,2016,,AFR,Africa,,ZWE,Zimbabwe,,SA_YOUNG_NOVICE_DRIVERS,Young/novice drivers,,0.08%,,,,,,
SA_0000001520,2016,2016,,AMR,Americas,,ATG,Antigua and Barbuda,,SA_PROFESS_COMMERCE_DRIVERS,Professional/commercial drivers,,none,,,,,,
SA_0000001520,2016,2016,,AMR,Americas,,BRB,Barbados,,SA_GENERAL_POPULATION,General population,,none,,,,,,
SA_0000001520,2016,2016,,AMR,Americas,,BOL,Bolivia (Plurinational State of),,SA_YOUNG_NOVICE_DRIVERS,Young/novice drivers,,0.05%,,,,,,
SA_0000001520,2016,2016,,AMR,Americas,,COL,Colombia,,SA_GENERAL_POPULATION,General population,,0.02%,,,,,,
SA_0000001520,2016,2016,,AMR,Americas,,CUB,Cuba,,SA_YOUNG_NOVICE_DRIVERS,Young/novice drivers,,0.01%,,,,,,
SA_0000001520,2016,2016,,AMR,Americas,,GRD,Grenada,,SA_GENERAL_POPULATION,General population,,none,,,,,,
SA_0000001520,2016,2016,,AMR,Americas,,GTM,Guatemala,,SA_YOUNG_NOVICE_DRIVERS,Young/novice drivers,,none,,,,,,
SA_0000001520,2016,2016,,AMR,Americas,,HTI,Haiti,,SA_PROFESS_COMMERCE_DRIVERS,Professional/commercial drivers,,.,,,,,,
SA_0000001520,2016,2016,,AMR,Americas,,MEX,Mexico,,SA_GENERAL_POPULATION,General population,,sub-national,,,,,,
SA_0000001520,2016,2016,,AMR,Americas,,PRY,Paraguay,,SA_PROFESS_COMMERCE_DRIVERS,Professional/commercial drivers,,Zero tolerance,,,,,,
SA_0000001520,2016,2016,,AMR,Americas,,LCA,Saint Lucia,,SA_GENERAL_POPULATION,General population,,0.08%,,,,,,
SA_0000001520,2016,2016,,AMR,Americas,,SUR,Suriname,,SA_YOUNG_NOVICE_DRIVERS,Young/novice drivers,,0.05%,,,,,,
SA_0000001520,2016,2016,,AMR,Americas,,VEN,Venezuela (Bolivarian Republic of),,SA_GENERAL_POPULATION,General population,,0.08%,,,,,,
SA_0000001520,2016,2016,,EMR,Eastern Mediterranean,,BHR,Bahrain,,SA_YOUNG_NOVICE_DRIVERS,Young/novice drivers,,.,,,,,,
SA_0000001520,2016,2016,,EMR,Eastern Mediterranean,,EGY,Egypt,,SA_PROFESS_COMMERCE_DRIVERS,Professional/commercial drivers,,none,,,,,,
SA_0000001520,2016,2016,,EMR,Eastern Mediterranean,,KWT,Kuwait,,SA_YOUNG_NOVICE_DRIVERS,Young/novice drivers,,.,,,,,,
SA_0000001520,2016,2016,,EMR,Eastern Mediterranean,,LBY,Libya,,SA_PROFESS_COMMERCE_DRIVERS,Professional/commercial drivers,,.,,,,,,
SA_0000001520,2016,2016,,EMR,Eastern Mediterranean,,PAK,Pakistan,,SA_GENERAL_POPULATION,General population,,zero tolerance,,,,,,
SA_0000001520,2016,2016,,EMR,Eastern Mediterranean,,SOM,Somalia,,SA_PROFESS_COMMERCE_DRIVERS,Professional/commercial drivers,,total ban,,,,,,
SA_0000001520,2016,2016,,EMR,Eastern Mediterranean,,TUN,Tunisia,,SA_GENERAL_POPULATION,General population,,0.05%,,,,,,
SA_0000001520,2016,2016,,EMR,Eastern Mediterranean,,YEM,Yemen,,SA_YOUNG_NOVICE_DRIVERS,Young/novice drivers,,total ban,,,,,,
SA_0000001520,2016,2016,,EUR,Europe,,AUT,Austria,,SA_GENERAL_POPULATION,General population,,0.05%,,,,,,
SA_0000001520,2016,2016,,EUR,Europe,,BLR,Belarus,,SA_YOUNG_NOVICE_DRIVERS,Young/novice drivers,,0.03%,,,,,,
SA_0000001520,2016,2016,,EUR,Europe,,BIH,Bosnia and Herzegovina,,SA_PROFESS_COMMERCE_DRIVERS,Professional/commercial drivers,,0.03%,,,,,,
SA_0000001520,2016,2016,,EUR,Europe,,CZE,Czechia,,SA_YOUNG_NOVICE_DRIVERS,Young/novice drivers,,zero tolerance,,,,,,
SA_0000001520,2016,2016,,EUR,Europe,,EST,Estonia,,SA_PROFESS_COMMERCE_DRIVERS,Professional/commercial drivers,,0.02%,,,,,,
SA_0000001520,2016,2016,,EUR,Europe,,GEO,Georgia,,SA_GENERAL_POPULATION,General population,,0.03%,,,,,,
SA_0000001520,2016,2016,,EUR,Europe,,HUN,Hungary,,SA_PROFESS_COMMERCE_DRIVERS,Professional/commercial drivers,,zero tolerance,,,,,,
SA_0000001520,2016,2016,,EUR,Europe,,ISR,Israel,,SA_GENERAL_POPULATION,General population,,0.05%,,,,,,
SA_0000001520,2016,2016,,EUR,Europe,,KAZ,Kazakhstan,,SA_YOUNG_NOVICE_DRIVERS,Young/novice drivers,,zero tolerance,,,,,,
SA_0000001520,2016,2016,,EUR,Europe,,LUX,Luxembourg,,SA_GENERAL_POPULATION,General population,,0.05%,,,,,,
SA_0000001520,2016,2016,,EUR,Europe,,MCO,Monaco,,SA_YOUNG_NOVICE_DRIVERS,Young/novice drivers,,0.02%,,,,,,
SA_0000001520,2016,2016,,EUR,Europe,,NLD,Netherlands,,SA_PROFESS_COMMERCE_DRIVERS,Professional/commercial drivers,,0.05%,,,,,,
SA_0000001520,2016,2016,,EUR,Europe,,MDA,Republic of Moldova,,SA_YOUNG_NOVICE_DRIVERS,Young/novice drivers,,0.03%,,,,,,
SA_0000001520,2016,2016,,EUR,Europe,,RUS,Russian Federation,,SA_PROFESS_COMMERCE_DRIVERS,Professional/commercial drivers,,0.04%,,,,,,
SA_0000001520,2016,2016,,EUR,Europe,,SVK,Slovakia,,SA_GENERAL_POPULATION,General population,,zero tolerance,,,,,,
SA_0000001520,2016,2016,,EUR,Europe,,SWE,Sweden,,SA_PROFESS_COMMERCE_DRIVERS,Professional/commercial drivers,,0.02%,,,,,,
SA_0000001520,2016,2016,,EUR,Europe,,MKD,North Macedonia,,SA_GENERAL_POPULATION,General population,,0.05%,,,,,,
SA_0000001520,2016,2016,,EUR,Europe,,TKM,Turkmenistan,,SA_YOUNG_NOVICE_DRIVERS,Young/novice drivers,,0.03%,,,,,,
SA_0000001520,2016,2016,,SEAR,South-East Asia,,BGD,Bangladesh,,SA_GENERAL_POPULATION,General population,,zero tolerance,,,,,,
SA_0000001520,2016,2016,,SEAR,South-East Asia,,PRK,Democratic People's Republic of Korea,,SA_YOUNG_NOVICE_DRIVERS,Young/novice drivers,,.,,,,,,
SA_0000001520,2016,2016,,SEAR,South-East Asia,,IDN,Indonesia,,SA_PROFESS_COMMERCE_DRIVERS,Professional/commercial drivers,,none,,,,,,
SA_0000001520,2016,2016,,SEAR,South-East Asia,,LKA,Sri Lanka,,SA_YOUNG_NOVICE_DRIVERS,Young/novice drivers,,0.08%,,,,,,
SA_0000001520,2016,2016,,SEAR,South-East Asia,,TLS,Timor-Leste,,SA_PROFESS_COMMERCE_DRIVERS,Professional/commercial drivers,,0.05%,,,,,,
SA_0000001520,2016,2016,,WPR,Western Pacific,,KHM,Cambodia,,SA_GENERAL_POPULATION,General population,,0.05%,,,,,,
SA_0000001520,2016,2016,,WPR,Western Pacific,,FJI,Fiji,,SA_PROFESS_COMMERCE_DRIVERS,Professional/commercial drivers,,zero tolerance,,,,,,
SA_0000001520,2016,2016,,WPR,Western Pacific,,LAO,Lao People's Democratic Republic,,SA_GENERAL_POPULATION,General population,,0.05%,,,,,,
SA_0000001520,2016,2016,,WPR,Western Pacific,,MHL,Marshall Islands,,SA_YOUNG_NOVICE_DRIVERS,Young/novice drivers,,none,,,,,,
SA_0000001520,2016,2016,,WPR,Western Pacific,,NZL,New Zealand,,SA_GENERAL_POPULATION,General population,,0.05%,,,,,,
SA_0000001520,2016,2016,,WPR,Western Pacific,,PLW,Palau,,SA_YOUNG_NOVICE_DRIVERS,Young/novice drivers,,0.10%,,,,,,
SA_0000001520,2016,2016,,WPR,Western Pacific,,PHL,Philippines,,SA_PROFESS_COMMERCE_DRIVERS,Professional/commercial drivers,,0.05%,,,,,,
SA_0000001520,2016,2016,,WPR,Western Pacific,,SLB,Solomon Islands,,SA_YOUNG_NOVICE_DRIVERS,Young/novice drivers,,.,,,,,,
SA_0000001520,2016,2016,,WPR,Western Pacific,,TUV,Tuvalu,,SA_PROFESS_COMMERCE_DRIVERS,Professional/commercial drivers,,.,,,,,,
SA_0000001520,2016,2016,,EMR,Eastern Mediterranean,,ARE,United Arab Emirates,,SA_YOUNG_NOVICE_DRIVERS,Young/novice drivers,,zero tolerance,,,,,,
SA_0000001520,2016,2016,,AFR,Africa,,COD,Democratic Republic of the Congo,,SA_YOUNG_NOVICE_DRIVERS,Young/novice drivers,,0.05%,,,,,,
SA_0000001520,2016,2016,,AMR,Americas,,ECU,Ecuador,,SA_GENERAL_POPULATION,General population,,0.03%,,,,,,
SA_0000001520,2016,2016,,AMR,Americas,,JAM,Jamaica,,SA_PROFESS_COMMERCE_DRIVERS,Professional/commercial drivers,,0.08%,,,,,,
SA_0000001520,2016,2016,,AMR,Americas,,MEX,Mexico,,SA_YOUNG_NOVICE_DRIVERS,Young/novice drivers,,sub-national,,,,,,
SA_0000001520,2016,2016,,AMR,Americas,,PAN,Panama,,SA_PROFESS_COMMERCE_DRIVERS,Professional/commercial drivers,,0.05%,,,,,,
SA_0000001520,2016,2016,,AMR,Americas,,PRY,Paraguay,,SA_YOUNG_NOVICE_DRIVERS,Young/novice drivers,,Zero tolerance,,,,,,
SA_0000001520,2016,2016,,AFR,Africa,,GNQ,Equatorial Guinea,,SA_GENERAL_POPULATION,General population,,0.05%,,,,,,
SA_0000001520,2016,2016,,AFR,Africa,,ERI,Eritrea,,SA_PROFESS_COMMERCE_DRIVERS,Professional/commercial drivers,,0.03%,,,,,,
SA_0000001520,2016,2016,,AFR,Africa,,ETH,Ethiopia,,SA_YOUNG_NOVICE_DRIVERS,Young/novice drivers,,0.08%,,,,,,
SA_0000001520,2016,2016,,AFR,Africa,,GAB,Gabon,,SA_GENERAL_POPULATION,General population,,0.08%,,,,,,
SA_0000001520,2016,2016,,AFR,Africa,,LBR,Liberia,,SA_GENERAL_POPULATION,General population,,none,,,,,,
SA_0000001520,2016,2016,,AFR,Africa,,LBR,Liberia,,SA_PROFESS_COMMERCE_DRIVERS,Professional/commercial drivers,,none,,,,,,
SA_0000001520,2016,2016,,AFR,Africa,,MDG,Madagascar,,SA_YOUNG_NOVICE_DRIVERS,Young/novice drivers,,0.04%,,,,,,
SA_0000001520,2016,2016,,EMR,Eastern Mediterranean,,PAK,Pakistan,,SA_YOUNG_NOVICE_DRIVERS,Young/novice drivers,,zero tolerance,,,,,,
SA_0000001520,2016,2016,,EMR,Eastern Mediterranean,,QAT,Qatar,,SA_GENERAL_POPULATION,General population,,.,,,,,,
SA_0000001520,2016,2016,,EMR,Eastern Mediterranean,,YEM,Yemen,,SA_GENERAL_POPULATION,General population,,total ban,,,,,,
SA_0000001520,2016,2016,,EMR,Eastern Mediterranean,,YEM,Yemen,,SA_PROFESS_COMMERCE_DRIVERS,Professional/commercial drivers,,total ban,,,,,,
SA_0000001520,2016,2016,,EUR,Europe,,ALB,Albania,,SA_YOUNG_NOVICE_DRIVERS,Young/novice drivers,,0.01%,,,,,,
SA_0000001520,2016,2016,,EUR,Europe,,ARM,Armenia,,SA_GENERAL_POPULATION,General population,,0.08%,,,,,,
SA_0000001520,2016,2016,,EUR,Europe,,ARM,Armenia,,SA_PROFESS_COMMERCE_DRIVERS,Professional/commercial drivers,,0.08%,,,,,,
SA_0000001520,2016,2016,,EUR,Europe,,CYP,Cyprus,,SA_YOUNG_NOVICE_DRIVERS,Young/novice drivers,,0.02%,,,,,,
SA_0000001520,2016,2016,,EUR,Europe,,CZE,Czechia,,SA_GENERAL_POPULATION,General population,,zero tolerance,,,,,,
SA_0000001520,2016,2016,,EUR,Europe,,EST,Estonia,,SA_YOUNG_NOVICE_DRIVERS,Young/novice drivers,,0.02%,,,,,,
SA_0000001520,2016,2016,,EUR,Europe,,FIN,Finland,,SA_GENERAL_POPULATION,General population,,0.05%,,,,,,
SA_0000001520,2016,2016,,EUR,Europe,,IRL,Ireland,,SA_PROFESS_COMMERCE_DRIVERS,Professional/commercial drivers,,0.02%,,,,,,
SA_0000001520,2016,2016,,EUR,Europe,,ISR,Israel,,SA_YOUNG_NOVICE_DRIVERS,Young/novice drivers,,0.01%,,,,,,
SA_0000001520,2016,2016,,EUR,Europe,,KAZ,Kazakhstan,,SA_PROFESS_COMMERCE_DRIVERS,Professional/commercial drivers,,zero tolerance,,,,,,
SA_0000001520,2016,2016,,EUR,Europe,,KGZ,Kyrgyzstan,,SA_YOUNG_NOVICE_DRIVERS,Young/novice drivers,,.,,,,,,
SA_0000001520,2016,2016,,EUR,Europe,,NOR,Norway,,SA_GENERAL_POPULATION,General population,,0.02%,,,,,,
SA_0000001520,2016,2016,,EUR,Europe,,NOR,Norway,,SA_PROFESS_COMMERCE_DRIVERS,Professional/commercial drivers,,0.02%,,,,,,
SA_0000001520,2016,2016,,EUR,Europe,,PRT,Portugal,,SA_YOUNG_NOVICE_DRIVERS,Young/novice drivers,,0.02%,,,,,,
SA_0000001520,2016,2016,,EUR,Europe,,MDA,Republic of Moldova,,SA_GENERAL_POPULATION,General population,,0.03%,,,,,,
SA_0000001520,2016,2016,,AFR,Africa,,MLI,Mali,,SA_GENERAL_POPULATION,General population,,0.03%,,,,,,
SA_0000001520,2016,2016,,AFR,Africa,,MLI,Mali,,SA_PROFESS_COMMERCE_DRIVERS,Professional/commercial drivers,,0.03%,,,,,,
SA_0000001520,2016,2016,,EUR,Europe,,TJK,Tajikistan,,SA_PROFESS_COMMERCE_DRIVERS,Professional/commercial drivers,,0.03%,,,,,,
SA_0000001520,2016,2016,,EUR,Europe,,MKD,North Macedonia,,SA_YOUNG_NOVICE_DRIVERS,Young/novice drivers,,zero tolerance,,,,,,
SA_0000001520,2016,2016,,AFR,Africa,,BEN,Benin,,SA_GENERAL_POPULATION,General population,,0.05%,,,,,,
SA_0000001520,2016,2016,,AFR,Africa,,BEN,Benin,,SA_PROFESS_COMMERCE_DRIVERS,Professional/commercial drivers,,0.05%,,,,,,
SA_0000001520,2016,2016,,AFR,Africa,,BDI,Burundi,,SA_GENERAL_POPULATION,General population,,none,,,,,,
SA_0000001520,2016,2016,,AFR,Africa,,BDI,Burundi,,SA_PROFESS_COMMERCE_DRIVERS,Professional/commercial drivers,,none,,,,,,
SA_0000001520,2016,2016,,AMR,Americas,,URY,Uruguay,,SA_GENERAL_POPULATION,General population,,zero tolerance,,,,,,
SA_0000001520,2016,2016,,AMR,Americas,,URY,Uruguay,,SA_PROFESS_COMMERCE_DRIVERS,Professional/commercial drivers,,zero tolerance,,,,,,
SA_0000001520,2016,2016,,EMR,Eastern Mediterranean,,BHR,Bahrain,,SA_GENERAL_POPULATION,General population,,.,,,,,,
SA_0000001520,2016,2016,,WPR,Western Pacific,,FJI,Fiji,,SA_YOUNG_NOVICE_DRIVERS,Young/novice drivers,,zero tolerance,,,,,,
SA_0000001520,2016,2016,,WPR,Western Pacific,,JPN,Japan,,SA_GENERAL_POPULATION,General population,,0.03%,,,,,,
SA_0000001520,2016,2016,,EMR,Eastern Mediterranean,,BHR,Bahrain,,SA_PROFESS_COMMERCE_DRIVERS,Professional/commercial drivers,,.,,,,,,
SA_0000001520,2016,2016,,EMR,Eastern Mediterranean,,LBY,Libya,,SA_YOUNG_NOVICE_DRIVERS,Young/novice drivers,,.,,,,,,
SA_0000001520,2016,2016,,EMR,Eastern Mediterranean,,MAR,Morocco,,SA_GENERAL_POPULATION,General population,,0.02%,,,,,,
SA_0000001520,2016,2016,,WPR,Western Pacific,,PLW,Palau,,SA_GENERAL_POPULATION,General population,,0.10%,,,,,,
SA_0000001520,2016,2016,,WPR,Western Pacific,,PLW,Palau,,SA_PROFESS_COMMERCE_DRIVERS,Professional/commercial drivers,,0.10%,,,,,,
SA_0000001520,2016,2016,,EMR,Eastern Mediterranean,,OMN,Oman,,SA_PROFESS_COMMERCE_DRIVERS,Professional/commercial drivers,,0.08%,,,,,,
SA_0000001520,2016,2016,,EUR,Europe,,ESP,Spain,,SA_PROFESS_COMMERCE_DRIVERS,Professional/commercial drivers,,0.03%,,,,,,
SA_0000001520,2016,2016,,EUR,Europe,,SWE,Sweden,,SA_YOUNG_NOVICE_DRIVERS,Young/novice drivers,,0.02%,,,,,,
SA_0000001520,2016,2016,,SEAR,South-East Asia,,PRK,Democratic People's Republic of Korea,,SA_GENERAL_POPULATION,General population,,.,,,,,,
SA_0000001520,2016,2016,,AFR,Africa,,STP,Sao Tome and Principe,,SA_YOUNG_NOVICE_DRIVERS,Young/novice drivers,,none,,,,,,
SA_0000001520,2016,2016,,AFR,Africa,,SEN,Senegal,,SA_GENERAL_POPULATION,General population,,none,,,,,,
SA_0000001520,2016,2016,,AFR,Africa,,SLE,Sierra Leone,,SA_YOUNG_NOVICE_DRIVERS,Young/novice drivers,,none,,,,,,
SA_0000001520,2016,2016,,AFR,Africa,,ZAF,South Africa,,SA_GENERAL_POPULATION,General population,,0.05%,,,,,,
SA_0000001520,2016,2016,,AFR,Africa,,ZWE,Zimbabwe,,SA_PROFESS_COMMERCE_DRIVERS,Professional/commercial drivers,,0.08%,,,,,,
SA_0000001520,2016,2016,,AMR,Americas,,ATG,Antigua and Barbuda,,SA_YOUNG_NOVICE_DRIVERS,Young/novice drivers,,none,,,,,,
SA_0000001520,2016,2016,,AMR,Americas,,BHS,Bahamas,,SA_PROFESS_COMMERCE_DRIVERS,Professional/commercial drivers,,0.08%,,,,,,
SA_0000001520,2016,2016,,AMR,Americas,,BRB,Barbados,,SA_YOUNG_NOVICE_DRIVERS,Young/novice drivers,,none,,,,,,
SA_0000001520,2016,2016,,AMR,Americas,,CUB,Cuba,,SA_GENERAL_POPULATION,General population,,0.01%,,,,,,
SA_0000001520,2016,2016,,AMR,Americas,,CUB,Cuba,,SA_PROFESS_COMMERCE_DRIVERS,Professional/commercial drivers,,0.01%,,,,,,
SA_0000001520,2016,2016,,SEAR,South-East Asia,,PRK,Democratic People's Republic of Korea,,SA_PROFESS_COMMERCE_DRIVERS,Professional/commercial drivers,,.,,,,,,
SA_0000001520,2016,2016,,SEAR,South-East Asia,,MDV,Maldives,,SA_GENERAL_POPULATION,General population,,total ban,,,,,,
SA_0000001520,2016,2016,,SEAR,South-East Asia,,MDV,Maldives,,SA_PROFESS_COMMERCE_DRIVERS,Professional/commercial drivers,,total ban,,,,,,
SA_0000001520,2016,2016,,WPR,Western Pacific,,CHN,China,,SA_GENERAL_POPULATION,General population,,0.02%,,,,,,
SA_0000001520,2016,2016,,WPR,Western Pacific,,COK,Cook Islands,,SA_PROFESS_COMMERCE_DRIVERS,Professional/commercial drivers,,0.08%,,,,,,
SA_0000001520,2016,2016,,WPR,Western Pacific,,NRU,Nauru,,SA_GENERAL_POPULATION,General population,,.,,,,,,
SA_0000001520,2016,2016,,WPR,Western Pacific,,NRU,Nauru,,SA_PROFESS_COMMERCE_DRIVERS,Professional/commercial drivers,,.,,,,,,
SA_0000001520,2016,2016,,WPR,Western Pacific,,NZL,New Zealand,,SA_YOUNG_NOVICE_DRIVERS,Young/novice drivers,,zero tolerance,,,,,,
SA_0000001520,2016,2016,,WPR,Western Pacific,,TUV,Tuvalu,,SA_YOUNG_NOVICE_DRIVERS,Young/novice drivers,,.,,,,,,
SA_0000001520,2016,2016,,WPR,Western Pacific,,VUT,Vanuatu,,SA_GENERAL_POPULATION,General population,,.,,,,,,
SA_0000001520,2016,2016,,WPR,Western Pacific,,KHM,Cambodia,,SA_YOUNG_NOVICE_DRIVERS,Young/novice drivers,,0.05%,,,,,,
SA_0000001520,2016,2016,,EMR,Eastern Mediterranean,,ARE,United Arab Emirates,,SA_PROFESS_COMMERCE_DRIVERS,Professional/commercial drivers,,zero tolerance,,,,,,
SA_0000001520,2016,2016,,AFR,Africa,,COG,Congo,,SA_PROFESS_COMMERCE_DRIVERS,Professional/commercial drivers,,0.08%,,,,,,
SA_0000001520,2016,2016,,AMR,Americas,,SLV,El Salvador,,SA_PROFESS_COMMERCE_DRIVERS,Professional/commercial drivers,,0.05%,,,,,,
SA_0000001520,2016,2016,,AMR,Americas,,HND,Honduras,,SA_PROFESS_COMMERCE_DRIVERS,Professional/commercial drivers,,0.07%,,,,,,
SA_0000001520,2016,2016,,AMR,Americas,,JAM,Jamaica,,SA_YOUNG_NOVICE_DRIVERS,Young/novice drivers,,0.08%,,,,,,
SA_0000001520,2016,2016,,AMR,Americas,,PER,Peru,,SA_YOUNG_NOVICE_DRIVERS,Young/novice drivers,,0.05%,,,,,,
SA_0000001520,2016,2016,,AMR,Americas,,KNA,Saint Kitts and Nevis,,SA_GENERAL_POPULATION,General population,,0.08%,,,,,,
SA_0000001520,2016,2016,,AFR,Africa,,CIV,Côte d'Ivoire,,SA_YOUNG_NOVICE_DRIVERS,Young/novice drivers,,0.08%,,,,,,
SA_0000001520,2016,2016,,AFR,Africa,,GAB,Gabon,,SA_YOUNG_NOVICE_DRIVERS,Young/novice drivers,,0.08%,,,,,,
SA_0000001520,2016,2016,,AFR,Africa,,GMB,Gambia,,SA_GENERAL_POPULATION,General population,,none,,,,,,
SA_0000001520,2016,2016,,AFR,Africa,,LSO,Lesotho,,SA_GENERAL_POPULATION,General population,,0.08%,,,,,,
SA_0000001520,2016,2016,,AFR,Africa,,LSO,Lesotho,,SA_PROFESS_COMMERCE_DRIVERS,Professional/commercial drivers,,0.08%,,,,,,
SA_0000001520,2016,2016,,AFR,Africa,,MRT,Mauritania,,SA_PROFESS_COMMERCE_DRIVERS,Professional/commercial drivers,,total ban,,,,,,
SA_0000001520,2016,2016,,EMR,Eastern Mediterranean,,LBN,Lebanon,,SA_YOUNG_NOVICE_DRIVERS,Young/novice drivers,,zero tolerance,,,,,,
SA_0000001520,2016,2016,,EMR,Eastern Mediterranean,,QAT,Qatar,,SA_YOUNG_NOVICE_DRIVERS,Young/novice drivers,,.,,,,,,
SA_0000001520,2016,2016,,EMR,Eastern Mediterranean,,SAU,Saudi Arabia,,SA_GENERAL_POPULATION,General population,,total ban,,,,,,
SA_0000001520,2016,2016,,EUR,Europe,,AUT,Austria,,SA_PROFESS_COMMERCE_DRIVERS,Professional/commercial drivers,,0.01%,,,,,,
SA_0000001520,2016,2016,,EUR,Europe,,AZE,Azerbaijan,,SA_YOUNG_NOVICE_DRIVERS,Young/novice drivers,,zero tolerance,,,,,,
SA_0000001520,2016,2016,,EUR,Europe,,HRV,Croatia,,SA_YOUNG_NOVICE_DRIVERS,Young/novice drivers,,zero tolerance,,,,,,
SA_0000001520,2016,2016,,EUR,Europe,,CYP,Cyprus,,SA_GENERAL_POPULATION,General population,,0.05%,,,,,,
SA_0000001520,2016,2016,,EUR,Europe,,FIN,Finland,,SA_YOUNG_NOVICE_DRIVERS,Young/novice drivers,,0.05%,,,,,,
SA_0000001520,2016,2016,,EUR,Europe,,FRA,France,,SA_GENERAL_POPULATION,General population,,0.05%,,,,,,
SA_0000001520,2016,2016,,EUR,Europe,,FRA,France,,SA_PROFESS_COMMERCE_DRIVERS,Professional/commercial drivers,,0.02%,,,,,,
SA_0000001520,2016,2016,,EUR,Europe,,ISL,Iceland,,SA_GENERAL_POPULATION,General population,,0.05%,,,,,,
SA_0000001520,2016,2016,,EUR,Europe,,ISL,Iceland,,SA_PROFESS_COMMERCE_DRIVERS,Professional/commercial drivers,,0.05%,,,,,,
SA_0000001520,2016,2016,,EUR,Europe,,KGZ,Kyrgyzstan,,SA_PROFESS_COMMERCE_DRIVERS,Professional/commercial drivers,,.,,,,,,
SA_0000001520,2016,2016,,EUR,Europe,,LVA,Latvia,,SA_YOUNG_NOVICE_DRIVERS,Young/novice drivers,,0.02%,,,,,,
SA_0000001520,2016,2016,,EUR,Europe,,MNE,Montenegro,,SA_YOUNG_NOVICE_DRIVERS,Young/novice drivers,,0.03%,,,,,,
SA_0000001520,2016,2016,,EUR,Europe,,NLD,Netherlands,,SA_GENERAL_POPULATION,General population,,0.05%,,,,,,
SA_0000001520,2016,2016,,EUR,Europe,,ROU,Romania,,SA_GENERAL_POPULATION,General population,,zero tolerance,,,,,,
SA_0000001520,2016,2016,,EUR,Europe,,ROU,Romania,,SA_PROFESS_COMMERCE_DRIVERS,Professional/commercial drivers,,zero tolerance,,,,,,
SA_0000001520,2016,2016,,AFR,Africa,,MUS,Mauritius,,SA_YOUNG_NOVICE_DRIVERS,Young/novice drivers,,0.05%,,,,,,
SA_0000001520,2016,2016,,EUR,Europe,,ESP,Spain,,SA_YOUNG_NOVICE_DRIVERS,Young/novice drivers,,0.03%,,,,,,
SA_0000001520,2016,2016,,EUR,Europe,,TUR,Türkiye,,SA_YOUNG_NOVICE_DRIVERS,Young/novice drivers,,0.02%,,,,,,
SA_0000001520,2016,2016,,EUR,Europe,,TKM,Turkmenistan,,SA_GENERAL_POPULATION,General population,,0.03%,,,,,,
SA_0000001520,2016,2016,,AFR,Africa,,DZA,Algeria,,SA_YOUNG_NOVICE_DRIVERS,Young/novice drivers,,0.02%,,,,,,
SA_0000001520,2016,2016,,AFR,Africa,,AGO,Angola,,SA_GENERAL_POPULATION,General population,,0.06%,,,,,,
SA_0000001520,2016,2016,,AFR,Africa,,AGO,Angola,,SA_PROFESS_COMMERCE_DRIVERS,Professional/commercial drivers,,0.06%,,,,,,
SA_0000001520,2016,2016,,AFR,Africa,,CPV,Cabo Verde,,SA_GENERAL_POPULATION,General population,,0.08%,,,,,,
SA_0000001520,2016,2016,,SEAR,South-East Asia,,MMR,Myanmar,,SA_PROFESS_COMMERCE_DRIVERS,Professional/commercial drivers,,0.08%,,,,,,
SA_0000001520,2016,2016,,WPR,Western Pacific,,AUS,Australia,,SA_PROFESS_COMMERCE_DRIVERS,Professional/commercial drivers,,0.02%,,,,,,
SA_0000001520,2016,2016,,WPR,Western Pacific,,BRN,Brunei Darussalam,,SA_YOUNG_NOVICE_DRIVERS,Young/novice drivers,,.,,,,,,
SA_0000001520,2016,2016,,WPR,Western Pacific,,JPN,Japan,,SA_YOUNG_NOVICE_DRIVERS,Young/novice drivers,,0.03%,,,,,,
SA_0000001520,2016,2016,,WPR,Western Pacific,,KIR,Kiribati,,SA_GENERAL_POPULATION,General population,,0.08%,,,,,,
SA_0000001520,2016,2016,,AFR,Africa,,CPV,Cabo Verde,,SA_PROFESS_COMMERCE_DRIVERS,Professional/commercial drivers,,0.08%,,,,,,
SA_0000001520,2016,2016,,AMR,Americas,,TTO,Trinidad and Tobago,,SA_YOUNG_NOVICE_DRIVERS,Young/novice drivers,,0.08%,,,,,,
SA_0000001520,2016,2016,,AMR,Americas,,USA,United States of America,,SA_GENERAL_POPULATION,General population,,0.08%,,,,,,
SA_0000001520,2016,2016,,WPR,Western Pacific,,PHL,Philippines,,SA_YOUNG_NOVICE_DRIVERS,Young/novice drivers,,0.05%,,,,,,
SA_0000001520,2016,2016,,AMR,Americas,,USA,United States of America,,SA_PROFESS_COMMERCE_DRIVERS,Professional/commercial drivers,,0.04%,,,,,,
SA_0000001520,2016,2016,,EMR,Eastern Mediterranean,,DJI,Djibouti,,SA_GENERAL_POPULATION,General population,,zero tolerance,,,,,,
SA_0000001520,2016,2016,,EMR,Eastern Mediterranean,,DJI,Djibouti,,SA_PROFESS_COMMERCE_DRIVERS,Professional/commercial drivers,,zero tolerance,,,,,,
SA_0000001520,2016,2016,,EMR,Eastern Mediterranean,,KWT,Kuwait,,SA_PROFESS_COMMERCE_DRIVERS,Professional/commercial drivers,,.,,,,,,
SA_0000001520,2016,2016,,EUR,Europe,,SVN,Slovenia,,SA_PROFESS_COMMERCE_DRIVERS,Professional/commercial drivers,,zero tolerance,,,,,,
SA_0000001520,2016,2016,,SEAR,South-East Asia,,BGD,Bangladesh,,SA_YOUNG_NOVICE_DRIVERS,Young/novice drivers,,zero tolerance,,,,,,
SA_0000001520,2016,2016,,AFR,Africa,,RWA,Rwanda,,SA_YOUNG_NOVICE_DRIVERS,Young/novice drivers,,0.08%,,,,,,
SA_0000001520,2016,2016,,AFR,Africa,,STP,Sao Tome and Principe,,SA_GENERAL_POPULATION,General population,,none,,,,,,
SA_0000001520,2016,2016,,AFR,Africa,,ZAF,South Africa,,SA_YOUNG_NOVICE_DRIVERS,Young/novice drivers,,0.05%,,,,,,
SA_0000001520,2016,2016,,AFR,Africa,,SSD,South Sudan,,SA_GENERAL_POPULATION,General population,,none,,,,,,
SA_0000001520,2016,2016,,AFR,Africa,,SSD,South Sudan,,SA_PROFESS_COMMERCE_DRIVERS,Professional/commercial drivers,,none,,,,,,
SA_0000001520,2016,2016,,AFR,Africa,,ZMB,Zambia,,SA_GENERAL_POPULATION,General population,,0.08%,,,,,,
SA_0000001520,2016,2016,,AFR,Africa,,ZMB,Zambia,,SA_PROFESS_COMMERCE_DRIVERS,Professional/commercial drivers,,0.08%,,,,,,
SA_0000001520,2016,2016,,AMR,Americas,,BRB,Barbados,,SA_PROFESS_COMMERCE_DRIVERS,Professional/commercial drivers,,none,,,,,,
SA_0000001520,2016,2016,,AMR,Americas,,BLZ,Belize,,SA_YOUNG_NOVICE_DRIVERS,Young/novice drivers,,0.08%,,,,,,
SA_0000001520,2016,2016,,AMR,Americas,,COL,Colombia,,SA_YOUNG_NOVICE_DRIVERS,Young/novice drivers,,0.02%,,,,,,
SA_0000001520,2016,2016,,AMR,Americas,,CRI,Costa Rica,,SA_GENERAL_POPULATION,General population,,0.05%,,,,,,
SA_0000001520,2016,2016,,AMR,Americas,,SLV,El Salvador,,SA_GENERAL_POPULATION,General population,,0.05%,,,,,,
SA_0000001520,2016,2016,,SEAR,South-East Asia,,BTN,Bhutan,,SA_GENERAL_POPULATION,General population,,0.08%,,,,,,
SA_0000001520,2016,2016,,SEAR,South-East Asia,,BTN,Bhutan,,SA_PROFESS_COMMERCE_DRIVERS,Professional/commercial drivers,,zero tolerance,,,,,,
SA_0000001520,2016,2016,,SEAR,South-East Asia,,MMR,Myanmar,,SA_GENERAL_POPULATION,General population,,0.08%,,,,,,
SA_0000001520,2016,2016,,WPR,Western Pacific,,PNG,Papua New Guinea,,SA_PROFESS_COMMERCE_DRIVERS,Professional/commercial drivers,,.,,,,,,
SA_0000001520,2016,2016,,WPR,Western Pacific,,TON,Tonga,,SA_YOUNG_NOVICE_DRIVERS,Young/novice drivers,,0.03%,,,,,,
SA_0000001520,2016,2016,,WPR,Western Pacific,,TUV,Tuvalu,,SA_GENERAL_POPULATION,General population,,.,,,,,,
SA_0000001520,2016,2016,,WPR,Western Pacific,,MNG,Mongolia,,SA_GENERAL_POPULATION,General population,,0.05%,,,,,,
SA_0000001520,2016,2016,,WPR,Western Pacific,,MNG,Mongolia,,SA_PROFESS_COMMERCE_DRIVERS,Professional/commercial drivers,,0.05%,,,,,,
SA_0000001520,2016,2016,,AMR,Americas,,DOM,Dominican Republic,,SA_YOUNG_NOVICE_DRIVERS,Young/novice drivers,,0.05%,,,,,,
SA_0000001520,2016,2016,,AFR,Africa,,GAB,Gabon,,SA_PROFESS_COMMERCE_DRIVERS,Professional/commercial drivers,,0.08%,,,,,,
SA_0000001520,2016,2016,,AMR,Americas,,JAM,Jamaica,,SA_GENERAL_POPULATION,General population,,0.08%,,,,,,
SA_0000001520,2016,2016,,AMR,Americas,,PER,Peru,,SA_GENERAL_POPULATION,General population,,0.05%,,,,,,
SA_0000001520,2016,2016,,AMR,Americas,,PER,Peru,,SA_PROFESS_COMMERCE_DRIVERS,Professional/commercial drivers,,0.03%,,,,,,
SA_0000001520,2016,2016,,AFR,Africa,,GMB,Gambia,,SA_YOUNG_NOVICE_DRIVERS,Young/novice drivers,,none,,,,,,
SA_0000001520,2016,2016,,AFR,Africa,,KEN,Kenya,,SA_PROFESS_COMMERCE_DRIVERS,Professional/commercial drivers,,0.08%,,,,,,
SA_0000001520,2016,2016,,AFR,Africa,,LSO,Lesotho,,SA_YOUNG_NOVICE_DRIVERS,Young/novice drivers,,0.08%,,,,,,
SA_0000001520,2016,2016,,AFR,Africa,,MRT,Mauritania,,SA_YOUNG_NOVICE_DRIVERS,Young/novice drivers,,total ban,,,,,,
SA_0000001520,2016,2016,,AFR,Africa,,MUS,Mauritius,,SA_GENERAL_POPULATION,General population,,0.05%,,,,,,
SA_0000001520,2016,2016,,AFR,Africa,,DZA,Algeria,,SA_PROFESS_COMMERCE_DRIVERS,Professional/commercial drivers,,0.02%,,,,,,
SA_0000001520,2016,2016,,AFR,Africa,,AGO,Angola,,SA_YOUNG_NOVICE_DRIVERS,Young/novice drivers,,0.06%,,,,,,
SA_0000001520,2016,2016,,AFR,Africa,,CPV,Cabo Verde,,SA_YOUNG_NOVICE_DRIVERS,Young/novice drivers,,0.08%,,,,,,
SA_0000001520,2016,2016,,AFR,Africa,,CMR,Cameroon,,SA_GENERAL_POPULATION,General population,,0.08%,,,,,,
SA_0000001520,2016,2016,,AFR,Africa,,CIV,Côte d'Ivoire,,SA_GENERAL_POPULATION,General population,,0.08%,,,,,,
SA_0000001520,2016,2016,,AFR,Africa,,CIV,Côte d'Ivoire,,SA_PROFESS_COMMERCE_DRIVERS,Professional/commercial drivers,,0.08%,,,,,,
SA_0000001520,2016,2016,,AMR,Americas,,TTO,Trinidad and Tobago,,SA_PROFESS_COMMERCE_DRIVERS,Professional/commercial drivers,,0.08%,,,,,,
SA_0000001520,2016,2016,,EMR,Eastern Mediterranean,,DJI,Djibouti,,SA_YOUNG_NOVICE_DRIVERS,Young/novice drivers,,zero tolerance,,,,,,
SA_0000001520,2016,2016,,EMR,Eastern Mediterranean,,EGY,Egypt,,SA_GENERAL_POPULATION,General population,,none,,,,,,
SA_0000001520,2016,2016,,EMR,Eastern Mediterranean,,LBN,Lebanon,,SA_GENERAL_POPULATION,General population,,0.05%,,,,,,
SA_0000001520,2016,2016,,EMR,Eastern Mediterranean,,LBN,Lebanon,,SA_PROFESS_COMMERCE_DRIVERS,Professional/commercial drivers,,zero tolerance,,,,,,
SA_0000001520,2016,2016,,AFR,Africa,,RWA,Rwanda,,SA_GENERAL_POPULATION,General population,,0.08%,,,,,,
SA_0000001520,2016,2016,,EUR,Europe,,LVA,Latvia,,SA_GENERAL_POPULATION,General population,,0.05%,,,,,,
SA_0000001520,2016,2016,,EUR,Europe,,LVA,Latvia,,SA_PROFESS_COMMERCE_DRIVERS,Professional/commercial drivers,,0.05%,,,,,,
SA_0000001520,2016,2016,,AFR,Africa,,RWA,Rwanda,,SA_PROFESS_COMMERCE_DRIVERS,Professional/commercial drivers,,0.08%,,,,,,
SA_0000001520,2016,2016,,AFR,Africa,,ZAF,South Africa,,SA_PROFESS_COMMERCE_DRIVERS,Professional/commercial drivers,,0.02%,,,,,,
SA_0000001520,2016,2016,,EUR,Europe,,MDA,Republic of Moldova,,SA_PROFESS_COMMERCE_DRIVERS,Professional/commercial drivers,,0.03%,,,,,,
SA_0000001520,2016,2016,,EUR,Europe,,ROU,Romania,,SA_YOUNG_NOVICE_DRIVERS,Young/novice drivers,,zero tolerance,,,,,,
SA_0000001520,2016,2016,,AFR,Africa,,SSD,South Sudan,,SA_YOUNG_NOVICE_DRIVERS,Young/novice drivers,,none,,,,,,
SA_0000001520,2016,2016,,AFR,Africa,,ZMB,Zambia,,SA_YOUNG_NOVICE_DRIVERS,Young/novice drivers,,0.08%,,,,,,
SA_0000001520,2016,2016,,EUR,Europe,,TUR,Türkiye,,SA_GENERAL_POPULATION,General population,,0.05%,,,,,,
SA_0000001520,2016,2016,,EUR,Europe,,TUR,Türkiye,,SA_PROFESS_COMMERCE_DRIVERS,Professional/commercial drivers,,0.02%,,,,,,
SA_0000001520,2016,2016,,AFR,Africa,,ZWE,Zimbabwe,,SA_GENERAL_POPULATION,General population,,0.08%,,,,,,
SA_0000001520,2016,2016,,AMR,Americas,,BLZ,Belize,,SA_GENERAL_POPULATION,General population,,0.08%,,,,,,
SA_0000001520,2016,2016,,AMR,Americas,,BLZ,Belize,,SA_PROFESS_COMMERCE_DRIVERS,Professional/commercial drivers,,0.08%,,,,,,
SA_0000001520,2016,2016,,SEAR,South-East Asia,,NPL,Nepal,,SA_GENERAL_POPULATION,General population,,.,,,,,,
SA_0000001520,2016,2016,,WPR,Western Pacific,,BRN,Brunei Darussalam,,SA_GENERAL_POPULATION,General population,,.,,,,,,
SA_0000001520,2016,2016,,WPR,Western Pacific,,BRN,Brunei Darussalam,,SA_PROFESS_COMMERCE_DRIVERS,Professional/commercial drivers,,.,,,,,,
SA_0000001520,2016,2016,,WPR,Western Pacific,,JPN,Japan,,SA_PROFESS_COMMERCE_DRIVERS,Professional/commercial drivers,,0.03%,,,,,,
SA_0000001520,2016,2016,,WPR,Western Pacific,,KIR,Kiribati,,SA_YOUNG_NOVICE_DRIVERS,Young/novice drivers,,0.08%,,,,,,
SA_0000001520,2016,2016,,AMR,Americas,,COL,Colombia,,SA_PROFESS_COMMERCE_DRIVERS,Professional/commercial drivers,,0.02%,,,,,,
SA_0000001520,2016,2016,,AMR,Americas,,CRI,Costa Rica,,SA_YOUNG_NOVICE_DRIVERS,Young/novice drivers,,0.02%,,,,,,
SA_0000001520,2016,2016,,AMR,Americas,,ECU,Ecuador,,SA_PROFESS_COMMERCE_DRIVERS,Professional/commercial drivers,,0.01%,,,,,,
SA_0000001520,2016,2016,,WPR,Western Pacific,,PHL,Philippines,,SA_GENERAL_POPULATION,General population,,0.05%,,,,,,
SA_0000001520,2016,2016,,AMR,Americas,,SLV,El Salvador,,SA_YOUNG_NOVICE_DRIVERS,Young/novice drivers,,0.05%,,,,,,
SA_0000001520,2016,2016,,AMR,Americas,,HND,Honduras,,SA_YOUNG_NOVICE_DRIVERS,Young/novice drivers,,0.07%,,,,,,
SA_0000001520,2016,2016,,EMR,Eastern Mediterranean,,QAT,Qatar,,SA_PROFESS_COMMERCE_DRIVERS,Professional/commercial drivers,,.,,,,,,
SA_0000001520,2016,2016,,EMR,Eastern Mediterranean,,SAU,Saudi Arabia,,SA_YOUNG_NOVICE_DRIVERS,Young/novice drivers,,total ban,,,,,,
SA_0000001520,2016,2016,,EUR,Europe,,HRV,Croatia,,SA_GENERAL_POPULATION,General population,,0.05%,,,,,,
SA_0000001520,2016,2016,,EUR,Europe,,HRV,Croatia,,SA_PROFESS_COMMERCE_DRIVERS,Professional/commercial drivers,,zero tolerance,,,,,,
SA_0000001520,2016,2016,,EUR,Europe,,FIN,Finland,,SA_PROFESS_COMMERCE_DRIVERS,Professional/commercial drivers,,0.05%,,,,,,
SA_0000001520,2016,2016,,EUR,Europe,,FRA,France,,SA_YOUNG_NOVICE_DRIVERS,Young/novice drivers,,0.02%,,,,,,
SA_0000001520,2016,2016,,EUR,Europe,,ISL,Iceland,,SA_YOUNG_NOVICE_DRIVERS,Young/novice drivers,,0.05%,,,,,,
SA_0000001520,2016,2016,,EUR,Europe,,IRL,Ireland,,SA_GENERAL_POPULATION,General population,,0.05%,,,,,,
SA_0000001520,2016,2016,,EUR,Europe,,MNE,Montenegro,,SA_PROFESS_COMMERCE_DRIVERS,Professional/commercial drivers,,0.03%,,,,,,
SA_0000001520,2016,2016,,EUR,Europe,,NLD,Netherlands,,SA_YOUNG_NOVICE_DRIVERS,Young/novice drivers,,0.02%,,,,,,
SA_0000001520,2016,2016,,EUR,Europe,,SVN,Slovenia,,SA_YOUNG_NOVICE_DRIVERS,Young/novice drivers,,zero tolerance,,,,,,
SA_0000001520,2016,2016,,EUR,Europe,,ESP,Spain,,SA_GENERAL_POPULATION,General population,,0.05%,,,,,,
SA_0000001520,2016,2016,,SEAR,South-East Asia,,BGD,Bangladesh,,SA_PROFESS_COMMERCE_DRIVERS,Professional/commercial drivers,,zero tolerance,,,,,,
SA_0000001520,2016,2016,,SEAR,South-East Asia,,BTN,Bhutan,,SA_YOUNG_NOVICE_DRIVERS,Young/novice drivers,,zero tolerance,,,,,,
SA_0000001520,2016,2016,,SEAR,South-East Asia,,MMR,Myanmar,,SA_YOUNG_NOVICE_DRIVERS,Young/novice drivers,,0.08%,,,,,,
SA_0000001520,2016,2016,,WPR,Western Pacific,,FSM,Micronesia (Federated States of),,SA_PROFESS_COMMERCE_DRIVERS,Professional/commercial drivers,,.,,,,,,
SA_0000001520,2016,2016,,WPR,Western Pacific,,MNG,Mongolia,,SA_YOUNG_NOVICE_DRIVERS,Young/novice drivers,,0.05%,,,,,,
SA_0000001520,2016,2016,,WPR,Western Pacific,,PNG,Papua New Guinea,,SA_YOUNG_NOVICE_DRIVERS,Young/novice drivers,,.,,,,,,
SA_0000001520,2016,2016,,WPR,Western Pacific,,TON,Tonga,,SA_GENERAL_POPULATION,General population,,0.03%,,,,,,
SA_0000001520,2016,2016,,WPR,Western Pacific,,TON,Tonga,,SA_PROFESS_COMMERCE_DRIVERS,Professional/commercial drivers,,0.03%,,,,,,
SA_0000001520,2016,2016,,EMR,Eastern Mediterranean,,TUN,Tunisia,,SA_PROFESS_COMMERCE_DRIVERS,Professional/commercial drivers,,0.05%,,,,,,
SA_0000001520,2016,2016,,EUR,Europe,,AUT,Austria,,SA_YOUNG_NOVICE_DRIVERS,Young/novice drivers,,0.01%,,,,,,
SA_0000001520,2016,2016,,EUR,Europe,,AZE,Azerbaijan,,SA_GENERAL_POPULATION,General population,,zero tolerance,,,,,,
SA_0000001520,2016,2016,,AMR,Americas,,USA,United States of America,,SA_YOUNG_NOVICE_DRIVERS,Young/novice drivers,,sub-national,,,,,,
SA_0000001520,2016,2016,,AMR,Americas,,DOM,Dominican Republic,,SA_GENERAL_POPULATION,General population,,0.05%,,,,,,
SA_0000001520,2016,2016,,AFR,Africa,,BWA,Botswana,,SA_YOUNG_NOVICE_DRIVERS,Young/novice drivers,,0.05%,,,,,,
SA_0000001520,2016,2016,,AFR,Africa,,BWA,Botswana,,SA_PROFESS_COMMERCE_DRIVERS,Professional/commercial drivers,,0.05%,,,,,,
SA_0000001520,2016,2016,,AFR,Africa,,TCD,Chad,,SA_YOUNG_NOVICE_DRIVERS,Young/novice drivers,,0.08%,,,,,,
SA_0000001520,2016,2016,,AFR,Africa,,TCD,Chad,,SA_PROFESS_COMMERCE_DRIVERS,Professional/commercial drivers,,0.08%,,,,,,
SA_0000001520,2016,2016,,AFR,Africa,,GNQ,Equatorial Guinea,,SA_YOUNG_NOVICE_DRIVERS,Young/novice drivers,,0.05%,,,,,,
SA_0000001520,2016,2016,,AFR,Africa,,ERI,Eritrea,,SA_YOUNG_NOVICE_DRIVERS,Young/novice drivers,,0.05%,,,,,,
SA_0000001520,2016,2016,,AFR,Africa,,GIN,Guinea,,SA_GENERAL_POPULATION,General population,,0.08%,,,,,,
SA_0000001520,2016,2016,,AFR,Africa,,GIN,Guinea,,SA_YOUNG_NOVICE_DRIVERS,Young/novice drivers,,0.08%,,,,,,
SA_0000001520,2016,2016,,AFR,Africa,,MWI,Malawi,,SA_GENERAL_POPULATION,General population,,0.08%,,,,,,
SA_0000001520,2016,2016,,AFR,Africa,,MWI,Malawi,,SA_YOUNG_NOVICE_DRIVERS,Young/novice drivers,,0.08%,,,,,,
SA_0000001520,2016,2016,,AFR,Africa,,NAM,Namibia,,SA_GENERAL_POPULATION,General population,,0.08%,,,,,,
SA_0000001520,2016,2016,,AFR,Africa,,NER,Niger,,SA_GENERAL_POPULATION,General population,,none,,,,,,
SA_0000001520,2016,2016,,AFR,Africa,,NER,Niger,,SA_YOUNG_NOVICE_DRIVERS,Young/novice drivers,,none,,,,,,
SA_0000001520,2016,2016,,AFR,Africa,,SEN,Senegal,,SA_PROFESS_COMMERCE_DRIVERS,Professional/commercial drivers,,none,,,,,,
SA_0000001520,2016,2016,,AFR,Africa,,SYC,Seychelles,,SA_GENERAL_POPULATION,General population,,0.08%,,,,,,
SA_0000001520,2016,2016,,AFR,Africa,,TGO,Togo,,SA_PROFESS_COMMERCE_DRIVERS,Professional/commercial drivers,,none,,,,,,
SA_0000001520,2016,2016,,AFR,Africa,,UGA,Uganda,,SA_GENERAL_POPULATION,General population,,0.08%,,,,,,
SA_0000001520,2016,2016,,AMR,Americas,,ARG,Argentina,,SA_PROFESS_COMMERCE_DRIVERS,Professional/commercial drivers,,0.0005,,,,,,
SA_0000001520,2016,2016,,AMR,Americas,,BHS,Bahamas,,SA_GENERAL_POPULATION,General population,,0.08%,,,,,,
SA_0000001520,2016,2016,,AMR,Americas,,BRA,Brazil,,SA_YOUNG_NOVICE_DRIVERS,Young/novice drivers,,zero tolerance,,,,,,
SA_0000001520,2016,2016,,AMR,Americas,,BRA,Brazil,,SA_PROFESS_COMMERCE_DRIVERS,Professional/commercial drivers,,zero tolerance,,,,,,
SA_0000001520,2016,2016,,AMR,Americas,,DMA,Dominica,,SA_YOUNG_NOVICE_DRIVERS,Young/novice drivers,,0.08%,,,,,,
SA_0000001520,2016,2016,,AMR,Americas,,DMA,Dominica,,SA_PROFESS_COMMERCE_DRIVERS,Professional/commercial drivers,,0.08%,,,,,,
SA_0000001520,2016,2016,,AMR,Americas,,GUY,Guyana,,SA_YOUNG_NOVICE_DRIVERS,Young/novice drivers,,0.08%,,,,,,
SA_0000001520,2016,2016,,AMR,Americas,,GUY,Guyana,,SA_PROFESS_COMMERCE_DRIVERS,Professional/commercial drivers,,0.08%,,,,,,
SA_0000001520,2016,2016,,AMR,Americas,,NIC,Nicaragua,,SA_GENERAL_POPULATION,General population,,0.05%,,,,,,
SA_0000001520,2016,2016,,AMR,Americas,,NIC,Nicaragua,,SA_YOUNG_NOVICE_DRIVERS,Young/novice drivers,,0.05%,,,,,,
SA_0000001520,2016,2016,,AMR,Americas,,PAN,Panama,,SA_YOUNG_NOVICE_DRIVERS,Young/novice drivers,,0.05%,,,,,,
SA_0000001520,2016,2016,,AMR,Americas,,VCT,Saint Vincent and the Grenadines,,SA_GENERAL_POPULATION,General population,,none,,,,,,
SA_0000001520,2016,2016,,AMR,Americas,,VCT,Saint Vincent and the Grenadines,,SA_YOUNG_NOVICE_DRIVERS,Young/novice drivers,,none,,,,,,
SA_0000001520,2016,2016,,EMR,Eastern Mediterranean,,AFG,Afghanistan,,SA_GENERAL_POPULATION,General population,,total ban,,,,,,
SA_0000001520,2016,2016,,EMR,Eastern Mediterranean,,AFG,Afghanistan,,SA_YOUNG_NOVICE_DRIVERS,Young/novice drivers,,total ban,,,,,,
SA_0000001520,2016,2016,,EMR,Eastern Mediterranean,,IRQ,Iraq,,SA_GENERAL_POPULATION,General population,,0.04%,,,,,,
SA_0000001520,2016,2016,,EMR,Eastern Mediterranean,,JOR,Jordan,,SA_GENERAL_POPULATION,General population,,0.08%,,,,,,
SA_0000001520,2016,2016,,EMR,Eastern Mediterranean,,MAR,Morocco,,SA_PROFESS_COMMERCE_DRIVERS,Professional/commercial drivers,,0.02%,,,,,,
SA_0000001520,2016,2016,,EMR,Eastern Mediterranean,,OMN,Oman,,SA_GENERAL_POPULATION,General population,,0.08%,,,,,,
SA_0000001520,2016,2016,,EMR,Eastern Mediterranean,,SDN,Sudan,,SA_PROFESS_COMMERCE_DRIVERS,Professional/commercial drivers,,total ban,,,,,,
SA_0000001520,2016,2016,,EMR,Eastern Mediterranean,,SYR,Syrian Arab Republic,,SA_GENERAL_POPULATION,General population,,none,,,,,,
SA_0000001520,2016,2016,,EUR,Europe,,ALB,Albania,,SA_PROFESS_COMMERCE_DRIVERS,Professional/commercial drivers,,0.01%,,,,,,
SA_0000001520,2016,2016,,EUR,Europe,,AND,Andorra,,SA_PROFESS_COMMERCE_DRIVERS,Professional/commercial drivers,,0.02%,,,,,,
SA_0000001520,2016,2016,,EUR,Europe,,BEL,Belgium,,SA_YOUNG_NOVICE_DRIVERS,Young/novice drivers,,0.05%,,,,,,
SA_0000001520,2016,2016,,EUR,Europe,,BEL,Belgium,,SA_PROFESS_COMMERCE_DRIVERS,Professional/commercial drivers,,0.05%,,,,,,
SA_0000001520,2016,2016,,EUR,Europe,,DNK,Denmark,,SA_YOUNG_NOVICE_DRIVERS,Young/novice drivers,,0.05%,,,,,,
SA_0000001520,2016,2016,,EUR,Europe,,DNK,Denmark,,SA_PROFESS_COMMERCE_DRIVERS,Professional/commercial drivers,,0.05%,,,,,,
SA_0000001520,2016,2016,,EUR,Europe,,DEU,Germany,,SA_YOUNG_NOVICE_DRIVERS,Young/novice drivers,,zero tolerance,,,,,,
SA_0000001520,2016,2016,,EUR,Europe,,GRC,Greece,,SA_YOUNG_NOVICE_DRIVERS,Young/novice drivers,,0.02%,,,,,,
SA_0000001520,2016,2016,,EUR,Europe,,ITA,Italy,,SA_GENERAL_POPULATION,General population,,0.05%,,,,,,
SA_0000001520,2016,2016,,EUR,Europe,,ITA,Italy,,SA_YOUNG_NOVICE_DRIVERS,Young/novice drivers,,zero tolerance,,,,,,
SA_0000001520,2016,2016,,EUR,Europe,,MLT,Malta,,SA_GENERAL_POPULATION,General population,,0.08%,,,,,,
SA_0000001520,2016,2016,,EUR,Europe,,MLT,Malta,,SA_YOUNG_NOVICE_DRIVERS,Young/novice drivers,,0.08%,,,,,,
SA_0000001520,2016,2016,,EUR,Europe,,POL,Poland,,SA_GENERAL_POPULATION,General population,,0.02%,,,,,,
SA_0000001520,2016,2016,,EUR,Europe,,PRT,Portugal,,SA_GENERAL_POPULATION,General population,,0.05%,,,,,,
SA_0000001520,2016,2016,,EUR,Europe,,SMR,San Marino,,SA_PROFESS_COMMERCE_DRIVERS,Professional/commercial drivers,,0.05%,,,,,,
SA_0000001520,2016,2016,,EUR,Europe,,SRB,Serbia,,SA_GENERAL_POPULATION,General population,,0.03%,,,,,,
SA_0000001520,2016,2016,,EUR,Europe,,CHE,Switzerland,,SA_PROFESS_COMMERCE_DRIVERS,Professional/commercial drivers,,0.01%,,,,,,
SA_0000001520,2016,2016,,EUR,Europe,,TJK,Tajikistan,,SA_GENERAL_POPULATION,General population,,0.03%,,,,,,
SA_0000001520,2016,2016,,EUR,Europe,,UKR,Ukraine,,SA_PROFESS_COMMERCE_DRIVERS,Professional/commercial drivers,,0.02%,,,,,,
SA_0000001520,2016,2016,,EUR,Europe,,GBR,United Kingdom of Great Britain and Northern Ireland,,SA_PROFESS_COMMERCE_DRIVERS,Professional/commercial drivers,,subnational,,,,,,
SA_0000001520,2016,2016,,SEAR,South-East Asia,,IND,India,,SA_YOUNG_NOVICE_DRIVERS,Young/novice drivers,,0.03%,,,,,,
SA_0000001520,2016,2016,,SEAR,South-East Asia,,IND,India,,SA_PROFESS_COMMERCE_DRIVERS,Professional/commercial drivers,,0.03%,,,,,,
SA_0000001520,2016,2016,,SEAR,South-East Asia,,THA,Thailand,,SA_YOUNG_NOVICE_DRIVERS,Young/novice drivers,,0.05%,,,,,,
SA_0000001520,2016,2016,,SEAR,South-East Asia,,THA,Thailand,,SA_PROFESS_COMMERCE_DRIVERS,Professional/commercial drivers,,0.05%,,,,,,
SA_0000001520,2016,2016,,WPR,Western Pacific,,CHN,China,,SA_YOUNG_NOVICE_DRIVERS,Young/novice drivers,,0.02%,,,,,,
SA_0000001520,2016,2016,,WPR,Western Pacific,,COK,Cook Islands,,SA_YOUNG_NOVICE_DRIVERS,Young/novice drivers,,0.08%,,,,,,
SA_0000001520,2016,2016,,WPR,Western Pacific,,MYS,Malaysia,,SA_GENERAL_POPULATION,General population,,0.08%,,,,,,
SA_0000001520,2016,2016,,WPR,Western Pacific,,MYS,Malaysia,,SA_YOUNG_NOVICE_DRIVERS,Young/novice drivers,,0.08%,,,,,,
SA_0000001520,2016,2016,,WPR,Western Pacific,,NIU,Niue,,SA_GENERAL_POPULATION,General population,,.,,,,,,
SA_0000001520,2016,2016,,WPR,Western Pacific,,NIU,Niue,,SA_YOUNG_NOVICE_DRIVERS,Young/novice drivers,,.,,,,,,
SA_0000001520,2016,2016,,WPR,Western Pacific,,WSM,Samoa,,SA_GENERAL_POPULATION,General population,,0.04%,,,,,,
SA_0000001520,2016,2016,,WPR,Western Pacific,,SGP,Singapore,,SA_GENERAL_POPULATION,General population,,0.08%,,,,,,
SA_0000001520,2016,2016,,WPR,Western Pacific,,SGP,Singapore,,SA_YOUNG_NOVICE_DRIVERS,Young/novice drivers,,0.08%,,,,,,
SA_0000001520,2016,2016,,WPR,Western Pacific,,VUT,Vanuatu,,SA_PROFESS_COMMERCE_DRIVERS,Professional/commercial drivers,,.,,,,,,
SA_0000001520,2016,2016,,WPR,Western Pacific,,VNM,Viet Nam,,SA_GENERAL_POPULATION,General population,,zero tolerance,,,,,,
SA_0000001520,2016,2016,,AFR,Africa,,ETH,Ethiopia,,SA_GENERAL_POPULATION,General population,,0.08%,,,,,,
SA_0000001520,2016,2016,,AMR,Americas,,PRY,Paraguay,,SA_GENERAL_POPULATION,General population,,Zero tolerance,,,,,,
SA_0000001520,2016,2016,,AMR,Americas,,KNA,Saint Kitts and Nevis,,SA_YOUNG_NOVICE_DRIVERS,Young/novice drivers,,0.08%,,,,,,
SA_0000001520,2016,2016,,AFR,Africa,,GHA,Ghana,,SA_PROFESS_COMMERCE_DRIVERS,Professional/commercial drivers,,0.08%,,,,,,
SA_0000001520,2016,2016,,AFR,Africa,,KEN,Kenya,,SA_GENERAL_POPULATION,General population,,0.08%,,,,,,
SA_0000001520,2016,2016,,AFR,Africa,,LBR,Liberia,,SA_YOUNG_NOVICE_DRIVERS,Young/novice drivers,,none,,,,,,
SA_0000001520,2016,2016,,AFR,Africa,,MRT,Mauritania,,SA_GENERAL_POPULATION,General population,,total ban,,,,,,
SA_0000001520,2016,2016,,AFR,Africa,,MOZ,Mozambique,,SA_YOUNG_NOVICE_DRIVERS,Young/novice drivers,,0.06%,,,,,,
SA_0000001520,2016,2016,,AFR,Africa,,BWA,Botswana,,SA_GENERAL_POPULATION,General population,,0.05%,,,,,,
SA_0000001520,2016,2016,,AFR,Africa,,BDI,Burundi,,SA_YOUNG_NOVICE_DRIVERS,Young/novice drivers,,none,,,,,,
SA_0000001520,2016,2016,,EMR,Eastern Mediterranean,,SOM,Somalia,,SA_GENERAL_POPULATION,General population,,total ban,,,,,,
SA_0000001520,2016,2016,,EMR,Eastern Mediterranean,,SYR,Syrian Arab Republic,,SA_YOUNG_NOVICE_DRIVERS,Young/novice drivers,,none,,,,,,
SA_0000001520,2016,2016,,EUR,Europe,,ALB,Albania,,SA_GENERAL_POPULATION,General population,,0.01%,,,,,,
SA_0000001520,2016,2016,,EUR,Europe,,ARM,Armenia,,SA_YOUNG_NOVICE_DRIVERS,Young/novice drivers,,0.08%,,,,,,
SA_0000001520,2016,2016,,EUR,Europe,,AZE,Azerbaijan,,SA_PROFESS_COMMERCE_DRIVERS,Professional/commercial drivers,,zero tolerance,,,,,,
SA_0000001520,2016,2016,,EUR,Europe,,BGR,Bulgaria,,SA_YOUNG_NOVICE_DRIVERS,Young/novice drivers,,0.05%,,,,,,
SA_0000001520,2016,2016,,EUR,Europe,,CYP,Cyprus,,SA_PROFESS_COMMERCE_DRIVERS,Professional/commercial drivers,,0.02%,,,,,,
SA_0000001520,2016,2016,,EUR,Europe,,EST,Estonia,,SA_GENERAL_POPULATION,General population,,0.02%,,,,,,
SA_0000001520,2016,2016,,EUR,Europe,,GEO,Georgia,,SA_PROFESS_COMMERCE_DRIVERS,Professional/commercial drivers,,0.03%,,,,,,
SA_0000001520,2016,2016,,EUR,Europe,,HUN,Hungary,,SA_GENERAL_POPULATION,General population,,zero tolerance,,,,,,
SA_0000001520,2016,2016,,EUR,Europe,,IRL,Ireland,,SA_YOUNG_NOVICE_DRIVERS,Young/novice drivers,,0.02%,,,,,,
SA_0000001520,2016,2016,,EUR,Europe,,KGZ,Kyrgyzstan,,SA_GENERAL_POPULATION,General population,,.,,,,,,
SA_0000001520,2016,2016,,EUR,Europe,,LTU,Lithuania,,SA_YOUNG_NOVICE_DRIVERS,Young/novice drivers,,zero tolerance,,,,,,
SA_0000001520,2016,2016,,EUR,Europe,,MLT,Malta,,SA_PROFESS_COMMERCE_DRIVERS,Professional/commercial drivers,,0.08%,,,,,,
SA_0000001520,2016,2016,,EUR,Europe,,MNE,Montenegro,,SA_GENERAL_POPULATION,General population,,0.03%,,,,,,
SA_0000001520,2016,2016,,EUR,Europe,,NOR,Norway,,SA_YOUNG_NOVICE_DRIVERS,Young/novice drivers,,0.02%,,,,,,
SA_0000001520,2016,2016,,EUR,Europe,,PRT,Portugal,,SA_PROFESS_COMMERCE_DRIVERS,Professional/commercial drivers,,0.02%,,,,,,
SA_0000001520,2016,2016,,EUR,Europe,,RUS,Russian Federation,,SA_GENERAL_POPULATION,General population,,0.04%,,,,,,
SA_0000001520,2016,2016,,EUR,Europe,,SMR,San Marino,,SA_YOUNG_NOVICE_DRIVERS,Young/novice drivers,,0.05%,,,,,,
SA_0000001520,2016,2016,,EUR,Europe,,SVK,Slovakia,,SA_PROFESS_COMMERCE_DRIVERS,Professional/commercial drivers,,zero tolerance,,,,,,
SA_0000001520,2016,2016,,EUR,Europe,,SWE,Sweden,,SA_GENERAL_POPULATION,General population,,0.02%,,,,,,
SA_0000001520,2016,2016,,EUR,Europe,,MKD,North Macedonia,,SA_PROFESS_COMMERCE_DRIVERS,Professional/commercial drivers,,zero tolerance,,,,,,
SA_0000001520,2016,2016,,EUR,Europe,,UKR,Ukraine,,SA_GENERAL_POPULATION,General population,,0.02%,,,,,,
SA_0000001520,2016,2016,,EUR,Europe,,UZB,Uzbekistan,,SA_YOUNG_NOVICE_DRIVERS,Young/novice drivers,,zero tolerance,,,,,,
SA_0000001520,2016,2016,,SEAR,South-East Asia,,IND,India,,SA_GENERAL_POPULATION,General population,,0.03%,,,,,,
SA_0000001520,2016,2016,,SEAR,South-East Asia,,MDV,Maldives,,SA_YOUNG_NOVICE_DRIVERS,Young/novice drivers,,total ban,,,,,,
SA_0000001520,2016,2016,,SEAR,South-East Asia,,NPL,Nepal,,SA_PROFESS_COMMERCE_DRIVERS,Professional/commercial drivers,,.,,,,,,
SA_0000001520,2016,2016,,WPR,Western Pacific,,AUS,Australia,,SA_YOUNG_NOVICE_DRIVERS,Young/novice drivers,,zero tolerance,,,,,,
SA_0000001520,2016,2016,,WPR,Western Pacific,,KHM,Cambodia,,SA_PROFESS_COMMERCE_DRIVERS,Professional/commercial drivers,,0.05%,,,,,,
SA_0000001520,2016,2016,,WPR,Western Pacific,,FJI,Fiji,,SA_GENERAL_POPULATION,General population,,0.08%,,,,,,
SA_0000001520,2016,2016,,WPR,Western Pacific,,LAO,Lao People's Democratic Republic,,SA_PROFESS_COMMERCE_DRIVERS,Professional/commercial drivers,,0.05%,,,,,,
SA_0000001520,2016,2016,,WPR,Western Pacific,,FSM,Micronesia (Federated States of),,SA_GENERAL_POPULATION,General population,,.,,,,,,
SA_0000001520,2016,2016,,AFR,Africa,,CMR,Cameroon,,SA_PROFESS_COMMERCE_DRIVERS,Professional/commercial drivers,,0.08%,,,,,,
SA_0000001520,2016,2016,,AFR,Africa,,COG,Congo,,SA_YOUNG_NOVICE_DRIVERS,Young/novice drivers,,0.08%,,,,,,
SA_0000001520,2016,2016,,AFR,Africa,,COD,Democratic Republic of the Congo,,SA_PROFESS_COMMERCE_DRIVERS,Professional/commercial drivers,,0.05%,,,,,,
SA_0000001520,2016,2016,,AMR,Americas,,TTO,Trinidad and Tobago,,SA_GENERAL_POPULATION,General population,,0.08%,,,,,,
SA_0000001520,2016,2016,,AMR,Americas,,URY,Uruguay,,SA_YOUNG_NOVICE_DRIVERS,Young/novice drivers,,zero tolerance,,,,,,
SA_0000001520,2016,2016,,EMR,Eastern Mediterranean,,AFG,Afghanistan,,SA_PROFESS_COMMERCE_DRIVERS,Professional/commercial drivers,,total ban,,,,,,
SA_0000001520,2016,2016,,EMR,Eastern Mediterranean,,IRN,Iran (Islamic Republic of),,SA_YOUNG_NOVICE_DRIVERS,Young/novice drivers,,zero tolerance,,,,,,
SA_0000001520,2016,2016,,EMR,Eastern Mediterranean,,JOR,Jordan,,SA_PROFESS_COMMERCE_DRIVERS,Professional/commercial drivers,,0.08%,,,,,,
SA_0000001520,2016,2016,,EMR,Eastern Mediterranean,,LBY,Libya,,SA_GENERAL_POPULATION,General population,,.,,,,,,
SA_0000001520,2016,2016,,AFR,Africa,,NER,Niger,,SA_PROFESS_COMMERCE_DRIVERS,Professional/commercial drivers,,none,,,,,,
SA_0000001520,2016,2016,,AFR,Africa,,SEN,Senegal,,SA_YOUNG_NOVICE_DRIVERS,Young/novice drivers,,none,,,,,,
SA_0000001520,2016,2016,,AFR,Africa,,SLE,Sierra Leone,,SA_PROFESS_COMMERCE_DRIVERS,Professional/commercial drivers,,none,,,,,,
SA_0000001520,2016,2016,,EMR,Eastern Mediterranean,,PAK,Pakistan,,SA_PROFESS_COMMERCE_DRIVERS,Professional/commercial drivers,,zero tolerance,,,,,,
SA_0000001520,2016,2016,,AFR,Africa,,SWZ,Eswatini,,SA_GENERAL_POPULATION,General population,,0.04%,,,,,,
SA_0000001520,2016,2016,,AFR,Africa,,TZA,United Republic of Tanzania,,SA_PROFESS_COMMERCE_DRIVERS,Professional/commercial drivers,,0.08%,,,,,,
SA_0000001520,2016,2016,,AMR,Americas,,ATG,Antigua and Barbuda,,SA_GENERAL_POPULATION,General population,,none,,,,,,
SA_0000001520,2016,2016,,AMR,Americas,,ECU,Ecuador,,SA_YOUNG_NOVICE_DRIVERS,Young/novice drivers,,0.03%,,,,,,
SA_0000001520,2016,2016,,AMR,Americas,,GRD,Grenada,,SA_PROFESS_COMMERCE_DRIVERS,Professional/commercial drivers,,none,,,,,,
SA_0000001520,2016,2016,,AMR,Americas,,HTI,Haiti,,SA_GENERAL_POPULATION,General population,,.,,,,,,
SA_0000001520,2016,2016,,AMR,Americas,,MEX,Mexico,,SA_PROFESS_COMMERCE_DRIVERS,Professional/commercial drivers,,sub-national,,,,,,
SA_0000001520,2016,2016,,AMR,Americas,,BHS,Bahamas,,SA_YOUNG_NOVICE_DRIVERS,Young/novice drivers,,0.08%,,,,,,
SA_0000001520,2016,2016,,AMR,Americas,,BRA,Brazil,,SA_GENERAL_POPULATION,General population,,zero tolerance,,,,,,
SA_0000001520,2016,2016,,AMR,Americas,,CHL,Chile,,SA_YOUNG_NOVICE_DRIVERS,Young/novice drivers,,0.03%,,,,,,
SA_0000001520,2016,2016,,AMR,Americas,,CRI,Costa Rica,,SA_PROFESS_COMMERCE_DRIVERS,Professional/commercial drivers,,0.02%,,,,,,
SA_0000001520,2016,2016,,WPR,Western Pacific,,NRU,Nauru,,SA_YOUNG_NOVICE_DRIVERS,Young/novice drivers,,.,,,,,,
SA_0000001520,2016,2016,,WPR,Western Pacific,,PNG,Papua New Guinea,,SA_GENERAL_POPULATION,General population,,.,,,,,,
SA_0000001520,2016,2016,,WPR,Western Pacific,,KOR,Republic of Korea,,SA_YOUNG_NOVICE_DRIVERS,Young/novice drivers,,0.05%,,,,,,
SA_0000001520,2016,2016,,WPR,Western Pacific,,SGP,Singapore,,SA_PROFESS_COMMERCE_DRIVERS,Professional/commercial drivers,,0.08%,,,,,,
SA_0000001520,2016,2016,,WPR,Western Pacific,,VUT,Vanuatu,,SA_YOUNG_NOVICE_DRIVERS,Young/novice drivers,,.,,,,,,
SA_0000001520,2016,2016,,AMR,Americas,,DOM,Dominican Republic,,SA_PROFESS_COMMERCE_DRIVERS,Professional/commercial drivers,,Zero tolerance,,,,,,
SA_0000001520,2016,2016,,AMR,Americas,,CAN,Canada,,SA_YOUNG_NOVICE_DRIVERS,Young/novice drivers,,0.08%,,,,,,
SA_0000001520,2016,2016,,AMR,Americas,,CAN,Canada,,SA_GENERAL_POPULATION,General population,,0.08%,,,,,,
SA_0000001520,2016,2016,,AMR,Americas,,CAN,Canada,,SA_PROFESS_COMMERCE_DRIVERS,Professional/commercial drivers,,0.08%,,,,,,
