GHO (CODE),YEAR (CODE),YEAR (DISPLAY),YEAR (URL),REGION (CODE),REGION (DISPLAY),REGION (URL),COUNTRY (CODE),COUNTRY (DISPLAY),COUNTRY (URL),ALCOHOLTYPE (CODE),ALCOHOLTYPE (DISPLAY),ALCOHOLTYPE (URL),Display Value,Numeric,Low,High,StdErr,StdDev,Comments
SA_0000001547,2010,2010,,EUR,Europe,,AUT,Austria,,SA_BEER,Beer,,24,24,,,,,
SA_0000001547,2010,2010,,EUR,Europe,,AUT,Austria,,SA_SPIRITS,Spirits,,1000,1000,,,,,
SA_0000001547,2012,2012,,EUR,Europe,,BGR,Bulgaria,,SA_BEER,Beer,,9.2,9.2,,,,,
SA_0000001547,2010,2010,,EUR,Europe,,HRV,Croatia,,SA_BEER,Beer,,27.3,27.3,,,,,
SA_0000001547,2011,2011,,EUR,Europe,,CYP,Cyprus,,SA_SPIRITS,Spirits,,598.01,598.01,,,,,
SA_0000001547,2011,2011,,EUR,Europe,,CZE,Czechia,,SA_SPIRITS,Spirits,,1145.59,1145.59,,,,,
SA_0000001547,2012,2012,,EUR,Europe,,CZE,Czechia,,SA_WINE,Wine,,0,0,,,,,
SA_0000001547,2012,2012,,EUR,Europe,,DNK,Denmark,,SA_WINE,Wine,,172.7,172.7,,,,,
SA_0000001547,2008,2008,,EUR,Europe,,EST,Estonia,,SA_WINE,Wine,,66.5,66.5,,,,,
SA_0000001547,2008,2008,,EUR,Europe,,FIN,Finland,,SA_WINE,Wine,,257,257,,,,,
SA_0000001547,2009,2009,,EUR,Europe,,FIN,Finland,,SA_BEER,Beer,,129.8,129.8,,,,,
SA_0000001547,2009,2009,,EUR,Europe,,FRA,France,,SA_BEER,Beer,,12.7,12.7,,,,,
SA_0000001547,2009,2009,,EUR,Europe,,FRA,France,,SA_SPIRITS,Spirits,,1513,1513,,,,,
SA_0000001547,2009,2009,,EUR,Europe,,DEU,Germany,,SA_SPIRITS,Spirits,,1303,1303,,,,,
SA_0000001547,2010,2010,,EUR,Europe,,DEU,Germany,,SA_WINE,Wine,,0,0,,,,,
SA_0000001547,2010,2010,,EUR,Europe,,GRC,Greece,,SA_WINE,Wine,,0,0,,,,,
SA_0000001547,2011,2011,,EUR,Europe,,GRC,Greece,,SA_BEER,Beer,,31.2,31.2,,,,,
SA_0000001547,2011,2011,,EUR,Europe,,HUN,Hungary,,SA_SPIRITS,Spirits,,984.38,984.38,,,,,
SA_0000001547,2011,2011,,EUR,Europe,,IRL,Ireland,,SA_WINE,Wine,,262.24,262.24,,,,,
SA_0000001547,2011,2011,,EUR,Europe,,ITA,Italy,,SA_WINE,Wine,,0,0,,,,,
SA_0000001547,2011,2011,,EUR,Europe,,LVA,Latvia,,SA_WINE,Wine,,63.45,63.45,,,,,
SA_0000001547,2012,2012,,EUR,Europe,,LVA,Latvia,,SA_BEER,Beer,,15.03,15.03,,,,,
SA_0000001547,2012,2012,,EUR,Europe,,LTU,Lithuania,,SA_BEER,Beer,,11.82,11.82,,,,,
SA_0000001547,2008,2008,,EUR,Europe,,MLT,Malta,,SA_WINE,Wine,,0,0,,,,,
SA_0000001547,2008,2008,,EUR,Europe,,NLD,Netherlands,,SA_BEER,Beer,,25.1,25.1,,,,,
SA_0000001547,2008,2008,,EUR,Europe,,NOR,Norway,,SA_BEER,Beer,,250,250,,,,,
SA_0000001547,2008,2008,,EUR,Europe,,POL,Poland,,SA_SPIRITS,Spirits,,1466.6,1466.6,,,,,
SA_0000001547,2009,2009,,EUR,Europe,,POL,Poland,,SA_WINE,Wine,,37.2,37.2,,,,,
SA_0000001547,2009,2009,,EUR,Europe,,PRT,Portugal,,SA_WINE,Wine,,0,0,,,,,
SA_0000001547,2009,2009,,EUR,Europe,,ROU,Romania,,SA_WINE,Wine,,0,0,,,,,
SA_0000001547,2010,2010,,EUR,Europe,,ROU,Romania,,SA_BEER,Beer,,8.9,8.9,,,,,
SA_0000001547,2009,2009,,EUR,Europe,,SVK,Slovakia,,SA_BEER,Beer,,19.8,19.8,,,,,
SA_0000001547,2009,2009,,EUR,Europe,,SVK,Slovakia,,SA_SPIRITS,Spirits,,939.4,939.4,,,,,
SA_0000001547,2009,2009,,EUR,Europe,,SVN,Slovenia,,SA_SPIRITS,Spirits,,911,911,,,,,
SA_0000001547,2010,2010,,EUR,Europe,,SVN,Slovenia,,SA_WINE,Wine,,0,0,,,,,
SA_0000001547,2010,2010,,EUR,Europe,,ESP,Spain,,SA_WINE,Wine,,0,0,,,,,
SA_0000001547,2011,2011,,EUR,Europe,,ESP,Spain,,SA_BEER,Beer,,9.96,9.96,,,,,
SA_0000001547,2011,2011,,EUR,Europe,,SWE,Sweden,,SA_SPIRITS,Spirits,,5474.39,5474.39,,,,,
SA_0000001547,2012,2012,,EUR,Europe,,CHE,Switzerland,,SA_WINE,Wine,,0,0,,,,,
SA_0000001547,2013,2013,,EUR,Europe,,BGR,Bulgaria,,SA_WINE,Wine,,0,0,,,,,
SA_0000001547,2013,2013,,EUR,Europe,,HRV,Croatia,,SA_WINE,Wine,,0,0,,,,,
SA_0000001547,2013,2013,,EUR,Europe,,FIN,Finland,,SA_WINE,Wine,,312,312,,,,,
SA_0000001547,2011,2011,,EUR,Europe,,FRA,France,,SA_SPIRITS,Spirits,,1660,1660,,,,,
SA_0000001547,2013,2013,,EUR,Europe,,HUN,Hungary,,SA_WINE,Wine,,0,0,,,,,
SA_0000001547,2013,2013,,EUR,Europe,,IRL,Ireland,,SA_BEER,Beer,,75.41,75.41,,,,,
SA_0000001547,2013,2013,,EUR,Europe,,LTU,Lithuania,,SA_SPIRITS,Spirits,,1278.96,1278.96,,,,,
SA_0000001547,2011,2011,,EUR,Europe,,LUX,Luxembourg,,SA_BEER,Beer,,9.5,9.5,,,,,
SA_0000001547,2009,2009,,EUR,Europe,,POL,Poland,,SA_SPIRITS,Spirits,,1168.4,1168.4,,,,,
SA_0000001547,2013,2013,,EUR,Europe,,POL,Poland,,SA_WINE,Wine,,38.48,38.48,,,,,
SA_0000001547,2013,2013,,EUR,Europe,,SVN,Slovenia,,SA_SPIRITS,Spirits,,1200,1200,,,,,
SA_0000001547,2009,2009,,EUR,Europe,,GBR,United Kingdom of Great Britain and Northern Ireland,,SA_WINE,Wine,,235,235,,,,,
SA_0000001547,2012,2012,,EUR,Europe,,GBR,United Kingdom of Great Britain and Northern Ireland,,SA_SPIRITS,Spirits,,3118.89,3118.89,,,,,
SA_0000001547,2013,2013,,EUR,Europe,,BEL,Belgium,,SA_BEER,Beer,,20.53,20.53,,,,,
SA_0000001547,2013,2013,,EUR,Europe,,AUT,Austria,,SA_SPIRITS,Spirits,,1000,1000,,,,,
SA_0000001547,2014,2014,,EUR,Europe,,AUT,Austria,,SA_WINE,Wine,,0,0,,,,,
SA_0000001547,2009,2009,,EUR,Europe,,HRV,Croatia,,SA_SPIRITS,Spirits,,844.01,844.01,,,,,
SA_0000001547,2011,2011,,EUR,Europe,,HRV,Croatia,,SA_WINE,Wine,,0,0,,,,,
SA_0000001547,2014,2014,,EUR,Europe,,DNK,Denmark,,SA_BEER,Beer,,7.53,7.53,,,,,
SA_0000001547,2014,2014,,EUR,Europe,,DNK,Denmark,,SA_SPIRITS,Spirits,,2015.13,2015.13,,,,,
SA_0000001547,2014,2014,,EUR,Europe,,GRC,Greece,,SA_WINE,Wine,,0,0,,,,,
SA_0000001547,2014,2014,,EUR,Europe,,HUN,Hungary,,SA_BEER,Beer,,5.22,5.22,,,,,
SA_0000001547,2014,2014,,EUR,Europe,,ITA,Italy,,SA_SPIRITS,Spirits,,1035.52,1035.52,,,,,
SA_0000001547,2014,2014,,EUR,Europe,,LTU,Lithuania,,SA_SPIRITS,Spirits,,1278.96,1278.96,,,,,
SA_0000001547,2015,2015,,EUR,Europe,,LTU,Lithuania,,SA_WINE,Wine,,72.12,72.12,,,,,
SA_0000001547,2011,2011,,EUR,Europe,,NOR,Norway,,SA_SPIRITS,Spirits,,8587,8587,,,,,
SA_0000001547,2014,2014,,EUR,Europe,,POL,Poland,,SA_WINE,Wine,,37.79,37.79,,,,,
SA_0000001547,2014,2014,,EUR,Europe,,ESP,Spain,,SA_WINE,Wine,,0,0,,,,,
SA_0000001547,2014,2014,,EUR,Europe,,SWE,Sweden,,SA_BEER,Beer,,21.33,21.33,,,,,
SA_0000001547,2011,2011,,EUR,Europe,,TUR,Türkiye,,SA_SPIRITS,Spirits,,4215,4215,,,,,
SA_0000001547,2014,2014,,EUR,Europe,,GBR,United Kingdom of Great Britain and Northern Ireland,,SA_BEER,Beer,,23.61,23.61,,,,,
SA_0000001547,2012,2012,,EUR,Europe,,AUT,Austria,,SA_BEER,Beer,,24,24,,,,,
SA_0000001547,2009,2009,,EUR,Europe,,BEL,Belgium,,SA_WINE,Wine,,47.1,47.1,,,,,
SA_0000001547,2008,2008,,EUR,Europe,,BGR,Bulgaria,,SA_BEER,Beer,,9.6,9.6,,,,,
SA_0000001547,2010,2010,,EUR,Europe,,BGR,Bulgaria,,SA_WINE,Wine,,0,0,,,,,
SA_0000001547,2010,2010,,EUR,Europe,,CYP,Cyprus,,SA_WINE,Wine,,0,0,,,,,
SA_0000001547,2012,2012,,EUR,Europe,,CYP,Cyprus,,SA_SPIRITS,Spirits,,956.82,956.82,,,,,
SA_0000001547,2010,2010,,EUR,Europe,,CZE,Czechia,,SA_BEER,Beer,,15.1,15.1,,,,,
SA_0000001547,2008,2008,,EUR,Europe,,DNK,Denmark,,SA_SPIRITS,Spirits,,2010.6,2010.6,,,,,
SA_0000001547,2011,2011,,EUR,Europe,,DNK,Denmark,,SA_WINE,Wine,,86.13,86.13,,,,,
SA_0000001547,2009,2009,,EUR,Europe,,EST,Estonia,,SA_WINE,Wine,,73.1,73.1,,,,,
SA_0000001547,2008,2008,,EUR,Europe,,FIN,Finland,,SA_BEER,Beer,,107,107,,,,,
SA_0000001547,2010,2010,,EUR,Europe,,FIN,Finland,,SA_WINE,Wine,,312,312,,,,,
SA_0000001547,2012,2012,,EUR,Europe,,FIN,Finland,,SA_SPIRITS,Spirits,,4340,4340,,,,,
SA_0000001547,2011,2011,,EUR,Europe,,FRA,France,,SA_WINE,Wine,,3.6,3.6,,,,,
SA_0000001547,2008,2008,,EUR,Europe,,DEU,Germany,,SA_SPIRITS,Spirits,,1303,1303,,,,,
SA_0000001547,2011,2011,,EUR,Europe,,DEU,Germany,,SA_BEER,Beer,,9.4,9.4,,,,,
SA_0000001547,2012,2012,,EUR,Europe,,GRC,Greece,,SA_BEER,Beer,,31.2,31.2,,,,,
SA_0000001547,2009,2009,,EUR,Europe,,HUN,Hungary,,SA_WINE,Wine,,0,0,,,,,
SA_0000001547,2009,2009,,EUR,Europe,,IRL,Ireland,,SA_WINE,Wine,,262.24,262.24,,,,,
SA_0000001547,2011,2011,,EUR,Europe,,IRL,Ireland,,SA_SPIRITS,Spirits,,3113,3113,,,,,
SA_0000001547,2010,2010,,EUR,Europe,,ITA,Italy,,SA_WINE,Wine,,0,0,,,,,
SA_0000001547,2012,2012,,EUR,Europe,,ITA,Italy,,SA_SPIRITS,Spirits,,800.01,800.01,,,,,
SA_0000001547,2010,2010,,EUR,Europe,,LVA,Latvia,,SA_BEER,Beer,,14.77,14.77,,,,,
SA_0000001547,2008,2008,,EUR,Europe,,LTU,Lithuania,,SA_SPIRITS,Spirits,,1278.96,1278.96,,,,,
SA_0000001547,2008,2008,,EUR,Europe,,LUX,Luxembourg,,SA_WINE,Wine,,0,0,,,,,
SA_0000001547,2009,2009,,EUR,Europe,,MLT,Malta,,SA_WINE,Wine,,0,0,,,,,
SA_0000001547,2011,2011,,EUR,Europe,,MLT,Malta,,SA_SPIRITS,Spirits,,1400,1400,,,,,
SA_0000001547,2009,2009,,EUR,Europe,,NLD,Netherlands,,SA_WINE,Wine,,68.5,68.5,,,,,
SA_0000001547,2011,2011,,EUR,Europe,,NLD,Netherlands,,SA_SPIRITS,Spirits,,1504,1504,,,,,
SA_0000001547,2009,2009,,EUR,Europe,,NOR,Norway,,SA_BEER,Beer,,223.1,223.1,,,,,
SA_0000001547,2012,2012,,EUR,Europe,,NOR,Norway,,SA_SPIRITS,Spirits,,8587,8587,,,,,
SA_0000001547,2010,2010,,EUR,Europe,,POL,Poland,,SA_BEER,Beer,,22,22,,,,,
SA_0000001547,2012,2012,,EUR,Europe,,POL,Poland,,SA_WINE,Wine,,38.48,38.48,,,,,
SA_0000001547,2011,2011,,EUR,Europe,,PRT,Portugal,,SA_BEER,Beer,,16.28,16.28,,,,,
SA_0000001547,2008,2008,,EUR,Europe,,ROU,Romania,,SA_WINE,Wine,,0,0,,,,,
SA_0000001547,2008,2008,,EUR,Europe,,SVK,Slovakia,,SA_WINE,Wine,,0,0,,,,,
SA_0000001547,2008,2008,,EUR,Europe,,SVN,Slovenia,,SA_BEER,Beer,,34.5,34.5,,,,,
SA_0000001547,2011,2011,,EUR,Europe,,SVN,Slovenia,,SA_SPIRITS,Spirits,,1200,1200,,,,,
SA_0000001547,2009,2009,,EUR,Europe,,ESP,Spain,,SA_BEER,Beer,,10,10,,,,,
SA_0000001547,2011,2011,,EUR,Europe,,ESP,Spain,,SA_WINE,Wine,,0,0,,,,,
SA_0000001547,2010,2010,,EUR,Europe,,SWE,Sweden,,SA_BEER,Beer,,78.2,78.2,,,,,
SA_0000001547,2012,2012,,EUR,Europe,,SWE,Sweden,,SA_WINE,Wine,,254.69,254.69,,,,,
SA_0000001547,2013,2013,,EUR,Europe,,CYP,Cyprus,,SA_WINE,Wine,,0,0,,,,,
SA_0000001547,2009,2009,,EUR,Europe,,EST,Estonia,,SA_SPIRITS,Spirits,,1418.8,1418.8,,,,,
SA_0000001547,2008,2008,,EUR,Europe,,DEU,Germany,,SA_BEER,Beer,,3.66,3.66,,,,,
SA_0000001547,2013,2013,,EUR,Europe,,GRC,Greece,,SA_SPIRITS,Spirits,,2450,2450,,,,,
SA_0000001547,2013,2013,,EUR,Europe,,IRL,Ireland,,SA_WINE,Wine,,454.23,454.23,,,,,
SA_0000001547,2012,2012,,EUR,Europe,,LTU,Lithuania,,SA_SPIRITS,Spirits,,1278.96,1278.96,,,,,
SA_0000001547,2012,2012,,EUR,Europe,,LUX,Luxembourg,,SA_SPIRITS,Spirits,,1041.15,1041.15,,,,,
SA_0000001547,2010,2010,,EUR,Europe,,NLD,Netherlands,,SA_SPIRITS,Spirits,,1504,1504,,,,,
SA_0000001547,2013,2013,,EUR,Europe,,PRT,Portugal,,SA_WINE,Wine,,0,0,,,,,
SA_0000001547,2010,2010,,EUR,Europe,,ESP,Spain,,SA_SPIRITS,Spirits,,830.3,830.3,,,,,
SA_0000001547,2008,2008,,EUR,Europe,,GBR,United Kingdom of Great Britain and Northern Ireland,,SA_SPIRITS,Spirits,,2803.4,2803.4,,,,,
SA_0000001547,2013,2013,,EUR,Europe,,GBR,United Kingdom of Great Britain and Northern Ireland,,SA_SPIRITS,Spirits,,3535.01,3535.01,,,,,
SA_0000001547,2009,2009,,EUR,Europe,,AUT,Austria,,SA_SPIRITS,Spirits,,1000,1000,,,,,
SA_0000001547,2013,2013,,EUR,Europe,,BEL,Belgium,,SA_SPIRITS,Spirits,,1962,1962,,,,,
SA_0000001547,2009,2009,,EUR,Europe,,HRV,Croatia,,SA_BEER,Beer,,562,562,,,,,
SA_0000001547,2014,2014,,EUR,Europe,,HRV,Croatia,,SA_WINE,Wine,,0,0,,,,,
SA_0000001547,2014,2014,,EUR,Europe,,CZE,Czechia,,SA_SPIRITS,Spirits,,1036.29,1036.29,,,,,
SA_0000001547,2014,2014,,EUR,Europe,,HUN,Hungary,,SA_WINE,Wine,,0,0,,,,,
SA_0000001547,2014,2014,,EUR,Europe,,IRL,Ireland,,SA_BEER,Beer,,22.55,22.55,,,,,
SA_0000001547,2014,2014,,EUR,Europe,,LVA,Latvia,,SA_SPIRITS,Spirits,,1350.19,1350.19,,,,,
SA_0000001547,2014,2014,,EUR,Europe,,LUX,Luxembourg,,SA_WINE,Wine,,0,0,,,,,
SA_0000001547,2014,2014,,EUR,Europe,,NLD,Netherlands,,SA_SPIRITS,Spirits,,1686,1686,,,,,
SA_0000001547,2014,2014,,EUR,Europe,,PRT,Portugal,,SA_BEER,Beer,,19.03,19.03,,,,,
SA_0000001547,2014,2014,,EUR,Europe,,ROU,Romania,,SA_WINE,Wine,,0,0,,,,,
SA_0000001547,2014,2014,,EUR,Europe,,SVN,Slovenia,,SA_SPIRITS,Spirits,,1320,1320,,,,,
SA_0000001547,2009,2009,,EUR,Europe,,TUR,Türkiye,,SA_WINE,Wine,,888,888,,,,,
SA_0000001547,2011,2011,,EUR,Europe,,TUR,Türkiye,,SA_WINE,Wine,,1065,1065,,,,,
SA_0000001547,2009,2009,,EUR,Europe,,AUT,Austria,,SA_BEER,Beer,,24,24,,,,,
SA_0000001547,2011,2011,,EUR,Europe,,AUT,Austria,,SA_WINE,Wine,,0,0,,,,,
SA_0000001547,2010,2010,,EUR,Europe,,BEL,Belgium,,SA_BEER,Beer,,20.5,20.5,,,,,
SA_0000001547,2012,2012,,EUR,Europe,,BEL,Belgium,,SA_WINE,Wine,,52.75,52.75,,,,,
SA_0000001547,2009,2009,,EUR,Europe,,BGR,Bulgaria,,SA_SPIRITS,Spirits,,562.43,562.43,,,,,
SA_0000001547,2012,2012,,EUR,Europe,,HRV,Croatia,,SA_WINE,Wine,,0,0,,,,,
SA_0000001547,2009,2009,,EUR,Europe,,CYP,Cyprus,,SA_SPIRITS,Spirits,,598.01,598.01,,,,,
SA_0000001547,2012,2012,,EUR,Europe,,CYP,Cyprus,,SA_BEER,Beer,,22.94,22.94,,,,,
SA_0000001547,2008,2008,,EUR,Europe,,DNK,Denmark,,SA_BEER,Beer,,34.1,34.1,,,,,
SA_0000001547,2010,2010,,EUR,Europe,,DNK,Denmark,,SA_WINE,Wine,,166.88,166.88,,,,,
SA_0000001547,2010,2010,,EUR,Europe,,EST,Estonia,,SA_BEER,Beer,,26,26,,,,,
SA_0000001547,2012,2012,,EUR,Europe,,EST,Estonia,,SA_WINE,Wine,,80.64,80.64,,,,,
SA_0000001547,2009,2009,,EUR,Europe,,FIN,Finland,,SA_SPIRITS,Spirits,,3940,3940,,,,,
SA_0000001547,2008,2008,,EUR,Europe,,FRA,France,,SA_WINE,Wine,,0.5,0.5,,,,,
SA_0000001547,2011,2011,,EUR,Europe,,DEU,Germany,,SA_SPIRITS,Spirits,,1303,1303,,,,,
SA_0000001547,2009,2009,,EUR,Europe,,GRC,Greece,,SA_BEER,Beer,,16.3,16.3,,,,,
SA_0000001547,2011,2011,,EUR,Europe,,GRC,Greece,,SA_WINE,Wine,,0,0,,,,,
SA_0000001547,2012,2012,,EUR,Europe,,GRC,Greece,,SA_SPIRITS,Spirits,,2550,2550,,,,,
SA_0000001547,2010,2010,,EUR,Europe,,HUN,Hungary,,SA_BEER,Beer,,28.1,28.1,,,,,
SA_0000001547,2012,2012,,EUR,Europe,,HUN,Hungary,,SA_WINE,Wine,,0,0,,,,,
SA_0000001547,2008,2008,,EUR,Europe,,IRL,Ireland,,SA_SPIRITS,Spirits,,3925,3925,,,,,
SA_0000001547,2010,2010,,EUR,Europe,,IRL,Ireland,,SA_BEER,Beer,,75.41,75.41,,,,,
SA_0000001547,2012,2012,,EUR,Europe,,IRL,Ireland,,SA_WINE,Wine,,454.23,454.23,,,,,
SA_0000001547,2009,2009,,EUR,Europe,,ITA,Italy,,SA_SPIRITS,Spirits,,800.01,800.01,,,,,
SA_0000001547,2012,2012,,EUR,Europe,,ITA,Italy,,SA_BEER,Beer,,28.2,28.2,,,,,
SA_0000001547,2008,2008,,EUR,Europe,,LVA,Latvia,,SA_WINE,Wine,,56.4,56.4,,,,,
SA_0000001547,2010,2010,,EUR,Europe,,LVA,Latvia,,SA_SPIRITS,Spirits,,1325.44,1325.44,,,,,
SA_0000001547,2008,2008,,EUR,Europe,,LTU,Lithuania,,SA_BEER,Beer,,11.2,11.2,,,,,
SA_0000001547,2009,2009,,EUR,Europe,,LUX,Luxembourg,,SA_BEER,Beer,,9.5,9.5,,,,,
SA_0000001547,2011,2011,,EUR,Europe,,LUX,Luxembourg,,SA_WINE,Wine,,0,0,,,,,
SA_0000001547,2010,2010,,EUR,Europe,,MLT,Malta,,SA_BEER,Beer,,9,9,,,,,
SA_0000001547,2012,2012,,EUR,Europe,,MLT,Malta,,SA_WINE,Wine,,0,0,,,,,
SA_0000001547,2008,2008,,EUR,Europe,,NLD,Netherlands,,SA_SPIRITS,Spirits,,1504,1504,,,,,
SA_0000001547,2012,2012,,EUR,Europe,,NLD,Netherlands,,SA_WINE,Wine,,83.56,83.56,,,,,
SA_0000001547,2012,2012,,EUR,Europe,,NOR,Norway,,SA_BEER,Beer,,271.7,271.7,,,,,
SA_0000001547,2008,2008,,EUR,Europe,,PRT,Portugal,,SA_BEER,Beer,,16.9,16.9,,,,,
SA_0000001547,2010,2010,,EUR,Europe,,PRT,Portugal,,SA_WINE,Wine,,0,0,,,,,
SA_0000001547,2009,2009,,EUR,Europe,,ROU,Romania,,SA_BEER,Beer,,9,9,,,,,
SA_0000001547,2011,2011,,EUR,Europe,,ROU,Romania,,SA_WINE,Wine,,0,0,,,,,
SA_0000001547,2012,2012,,EUR,Europe,,SRB,Serbia,,SA_SPIRITS,Spirits,,651,651,,,,,
SA_0000001547,2011,2011,,EUR,Europe,,SVK,Slovakia,,SA_WINE,Wine,,0,0,,,,,
SA_0000001547,2008,2008,,EUR,Europe,,SVN,Slovenia,,SA_SPIRITS,Spirits,,694.8,694.8,,,,,
SA_0000001547,2009,2009,,EUR,Europe,,ESP,Spain,,SA_SPIRITS,Spirits,,830.3,830.3,,,,,
SA_0000001547,2012,2012,,EUR,Europe,,ESP,Spain,,SA_BEER,Beer,,9.96,9.96,,,,,
SA_0000001547,2009,2009,,EUR,Europe,,SWE,Sweden,,SA_WINE,Wine,,211.8,211.8,,,,,
SA_0000001547,2010,2010,,EUR,Europe,,CHE,Switzerland,,SA_WINE,Wine,,0,0,,,,,
SA_0000001547,2012,2012,,EUR,Europe,,CHE,Switzerland,,SA_SPIRITS,Spirits,,2389,2389,,,,,
SA_0000001547,2012,2012,,EUR,Europe,,GBR,United Kingdom of Great Britain and Northern Ireland,,SA_BEER,Beer,,117.31,117.31,,,,,
SA_0000001547,2013,2013,,EUR,Europe,,AUT,Austria,,SA_WINE,Wine,,0,0,,,,,
SA_0000001547,2013,2013,,EUR,Europe,,EST,Estonia,,SA_WINE,Wine,,80.64,80.64,,,,,
SA_0000001547,2013,2013,,EUR,Europe,,FRA,France,,SA_WINE,Wine,,3.66,3.66,,,,,
SA_0000001547,2009,2009,,EUR,Europe,,HUN,Hungary,,SA_SPIRITS,Spirits,,1021.6,1021.6,,,,,
SA_0000001547,2011,2011,,EUR,Europe,,LTU,Lithuania,,SA_BEER,Beer,,11.8,11.8,,,,,
SA_0000001547,2013,2013,,EUR,Europe,,LUX,Luxembourg,,SA_WINE,Wine,,0,0,,,,,
SA_0000001547,2013,2013,,EUR,Europe,,NLD,Netherlands,,SA_WINE,Wine,,83.56,83.56,,,,,
SA_0000001547,2009,2009,,EUR,Europe,,PRT,Portugal,,SA_SPIRITS,Spirits,,1001.4,1001.4,,,,,
SA_0000001547,2013,2013,,EUR,Europe,,SVK,Slovakia,,SA_SPIRITS,Spirits,,1080,1080,,,,,
SA_0000001547,2013,2013,,EUR,Europe,,ESP,Spain,,SA_WINE,Wine,,0,0,,,,,
SA_0000001547,2008,2008,,EUR,Europe,,GBR,United Kingdom of Great Britain and Northern Ireland,,SA_BEER,Beer,,107.2,107.2,,,,,
SA_0000001547,2012,2012,,EUR,Europe,,AUT,Austria,,SA_SPIRITS,Spirits,,1000,1000,,,,,
SA_0000001547,2014,2014,,EUR,Europe,,BEL,Belgium,,SA_WINE,Wine,,57.24,57.24,,,,,
SA_0000001547,2014,2014,,EUR,Europe,,BGR,Bulgaria,,SA_WINE,Wine,,0,0,,,,,
SA_0000001547,2014,2014,,EUR,Europe,,CYP,Cyprus,,SA_BEER,Beer,,6,6,,,,,
SA_0000001547,2011,2011,,EUR,Europe,,DNK,Denmark,,SA_SPIRITS,Spirits,,2012.8,2012.8,,,,,
SA_0000001547,2014,2014,,EUR,Europe,,EST,Estonia,,SA_WINE,Wine,,97.37,97.37,,,,,
SA_0000001547,2014,2014,,EUR,Europe,,DEU,Germany,,SA_SPIRITS,Spirits,,1303,1303,,,,,
SA_0000001547,2009,2009,,EUR,Europe,,ISL,Iceland,,SA_BEER,Beer,,2666,2666,,,,,
SA_0000001547,2015,2015,,EUR,Europe,,LVA,Latvia,,SA_WINE,Wine,,70,70,,,,,
SA_0000001547,2015,2015,,EUR,Europe,,LTU,Lithuania,,SA_SPIRITS,Spirits,,1320.67,1320.67,,,,,
SA_0000001547,2011,2011,,EUR,Europe,,NOR,Norway,,SA_BEER,Beer,,271.7,271.7,,,,,
SA_0000001547,2014,2014,,EUR,Europe,,PRT,Portugal,,SA_SPIRITS,Spirits,,1289.27,1289.27,,,,,
SA_0000001547,2014,2014,,EUR,Europe,,SVN,Slovenia,,SA_BEER,Beer,,12.1,12.1,,,,,
SA_0000001547,2009,2009,,EUR,Europe,,CHE,Switzerland,,SA_SPIRITS,Spirits,,1833,1833,,,,,
SA_0000001547,2014,2014,,EUR,Europe,,GBR,United Kingdom of Great Britain and Northern Ireland,,SA_SPIRITS,Spirits,,3554.36,3554.36,,,,,
SA_0000001547,2008,2008,,EUR,Europe,,AUT,Austria,,SA_WINE,Wine,,0,0,,,,,
SA_0000001547,2008,2008,,EUR,Europe,,BEL,Belgium,,SA_BEER,Beer,,21.4,21.4,,,,,
SA_0000001547,2008,2008,,EUR,Europe,,BEL,Belgium,,SA_WINE,Wine,,47.1,47.1,,,,,
SA_0000001547,2009,2009,,EUR,Europe,,BGR,Bulgaria,,SA_BEER,Beer,,9.2,9.2,,,,,
SA_0000001547,2009,2009,,EUR,Europe,,BGR,Bulgaria,,SA_WINE,Wine,,0,0,,,,,
SA_0000001547,2008,2008,,EUR,Europe,,CYP,Cyprus,,SA_BEER,Beer,,24,24,,,,,
SA_0000001547,2009,2009,,EUR,Europe,,CYP,Cyprus,,SA_BEER,Beer,,22.9,22.9,,,,,
SA_0000001547,2008,2008,,EUR,Europe,,CZE,Czechia,,SA_SPIRITS,Spirits,,1061,1061,,,,,
SA_0000001547,2009,2009,,EUR,Europe,,CZE,Czechia,,SA_BEER,Beer,,11.7,11.7,,,,,
SA_0000001547,2009,2009,,EUR,Europe,,DNK,Denmark,,SA_SPIRITS,Spirits,,2014.8,2014.8,,,,,
SA_0000001547,2010,2010,,EUR,Europe,,DNK,Denmark,,SA_BEER,Beer,,32.8,32.8,,,,,
SA_0000001547,2011,2011,,EUR,Europe,,EST,Estonia,,SA_SPIRITS,Spirits,,1490,1490,,,,,
SA_0000001547,2011,2011,,EUR,Europe,,FIN,Finland,,SA_WINE,Wine,,312,312,,,,,
SA_0000001547,2011,2011,,EUR,Europe,,FIN,Finland,,SA_SPIRITS,Spirits,,4340,4340,,,,,
SA_0000001547,2012,2012,,EUR,Europe,,FRA,France,,SA_WINE,Wine,,3.66,3.66,,,,,
SA_0000001547,2012,2012,,EUR,Europe,,FRA,France,,SA_SPIRITS,Spirits,,1660,1660,,,,,
SA_0000001547,2012,2012,,EUR,Europe,,DEU,Germany,,SA_WINE,Wine,,0,0,,,,,
SA_0000001547,2008,2008,,EUR,Europe,,GRC,Greece,,SA_WINE,Wine,,0,0,,,,,
SA_0000001547,2008,2008,,EUR,Europe,,HUN,Hungary,,SA_BEER,Beer,,26.8,26.8,,,,,
SA_0000001547,2008,2008,,EUR,Europe,,HUN,Hungary,,SA_WINE,Wine,,0,0,,,,,
SA_0000001547,2008,2008,,EUR,Europe,,IRL,Ireland,,SA_BEER,Beer,,99.4,99.4,,,,,
SA_0000001547,2008,2008,,EUR,Europe,,IRL,Ireland,,SA_WINE,Wine,,328.1,328.1,,,,,
SA_0000001547,2008,2008,,EUR,Europe,,ITA,Italy,,SA_BEER,Beer,,29.4,29.4,,,,,
SA_0000001547,2009,2009,,EUR,Europe,,ITA,Italy,,SA_BEER,Beer,,28.2,28.2,,,,,
SA_0000001547,2008,2008,,EUR,Europe,,LVA,Latvia,,SA_SPIRITS,Spirits,,1163.5,1163.5,,,,,
SA_0000001547,2009,2009,,EUR,Europe,,LVA,Latvia,,SA_BEER,Beer,,9.8,9.8,,,,,
SA_0000001547,2009,2009,,EUR,Europe,,LTU,Lithuania,,SA_SPIRITS,Spirits,,1278.96,1278.96,,,,,
SA_0000001547,2010,2010,,EUR,Europe,,LTU,Lithuania,,SA_BEER,Beer,,11.8,11.8,,,,,
SA_0000001547,2009,2009,,EUR,Europe,,LUX,Luxembourg,,SA_SPIRITS,Spirits,,1041.15,1041.15,,,,,
SA_0000001547,2010,2010,,EUR,Europe,,MLT,Malta,,SA_WINE,Wine,,0,0,,,,,
SA_0000001547,2010,2010,,EUR,Europe,,MLT,Malta,,SA_SPIRITS,Spirits,,1400,1400,,,,,
SA_0000001547,2010,2010,,EUR,Europe,,NLD,Netherlands,,SA_WINE,Wine,,70.56,70.56,,,,,
SA_0000001547,2011,2011,,EUR,Europe,,POL,Poland,,SA_WINE,Wine,,6.06,6.06,,,,,
SA_0000001547,2012,2012,,EUR,Europe,,PRT,Portugal,,SA_BEER,Beer,,18.43,18.43,,,,,
SA_0000001547,2012,2012,,EUR,Europe,,PRT,Portugal,,SA_WINE,Wine,,0,0,,,,,
SA_0000001547,2012,2012,,EUR,Europe,,ROU,Romania,,SA_BEER,Beer,,8.98,8.98,,,,,
SA_0000001547,2011,2011,,EUR,Europe,,SVK,Slovakia,,SA_SPIRITS,Spirits,,1080,1080,,,,,
SA_0000001547,2012,2012,,EUR,Europe,,SVK,Slovakia,,SA_BEER,Beer,,17.22,17.22,,,,,
SA_0000001547,2012,2012,,EUR,Europe,,SVN,Slovenia,,SA_SPIRITS,Spirits,,1200,1200,,,,,
SA_0000001547,2008,2008,,EUR,Europe,,ESP,Spain,,SA_BEER,Beer,,10,10,,,,,
SA_0000001547,2012,2012,,EUR,Europe,,ESP,Spain,,SA_SPIRITS,Spirits,,830.25,830.25,,,,,
SA_0000001547,2008,2008,,EUR,Europe,,SWE,Sweden,,SA_SPIRITS,Spirits,,5154.9,5154.9,,,,,
SA_0000001547,2009,2009,,EUR,Europe,,SWE,Sweden,,SA_BEER,Beer,,81.9,81.9,,,,,
SA_0000001547,2008,2008,,EUR,Europe,,CHE,Switzerland,,SA_WINE,Wine,,0,0,,,,,
SA_0000001547,2011,2011,,EUR,Europe,,GBR,United Kingdom of Great Britain and Northern Ireland,,SA_WINE,Wine,,294.78,294.78,,,,,
SA_0000001547,2011,2011,,EUR,Europe,,GBR,United Kingdom of Great Britain and Northern Ireland,,SA_SPIRITS,Spirits,,3118.89,3118.89,,,,,
SA_0000001547,2008,2008,,EUR,Europe,,BEL,Belgium,,SA_SPIRITS,Spirits,,1752.2,1752.2,,,,,
SA_0000001547,2011,2011,,EUR,Europe,,BEL,Belgium,,SA_SPIRITS,Spirits,,1752.2,1752.2,,,,,
SA_0000001547,2013,2013,,EUR,Europe,,CZE,Czechia,,SA_WINE,Wine,,0,0,,,,,
SA_0000001547,2013,2013,,EUR,Europe,,CZE,Czechia,,SA_SPIRITS,Spirits,,1136.36,1136.36,,,,,
SA_0000001547,2013,2013,,EUR,Europe,,DEU,Germany,,SA_SPIRITS,Spirits,,1303,1303,,,,,
SA_0000001547,2013,2013,,EUR,Europe,,ITA,Italy,,SA_SPIRITS,Spirits,,800.01,800.01,,,,,
SA_0000001547,2013,2013,,EUR,Europe,,LVA,Latvia,,SA_SPIRITS,Spirits,,1350.19,1350.19,,,,,
SA_0000001547,2013,2013,,EUR,Europe,,LUX,Luxembourg,,SA_SPIRITS,Spirits,,1041.15,1041.15,,,,,
SA_0000001547,2008,2008,,EUR,Europe,,MLT,Malta,,SA_SPIRITS,Spirits,,1400,1400,,,,,
SA_0000001547,2011,2011,,EUR,Europe,,ROU,Romania,,SA_BEER,Beer,,8.9,8.9,,,,,
SA_0000001547,2013,2013,,EUR,Europe,,ROU,Romania,,SA_BEER,Beer,,8.98,8.98,,,,,
SA_0000001547,2010,2010,,EUR,Europe,,SWE,Sweden,,SA_SPIRITS,Spirits,,5474.39,5474.39,,,,,
SA_0000001547,2013,2013,,EUR,Europe,,BGR,Bulgaria,,SA_SPIRITS,Spirits,,562.43,562.43,,,,,
SA_0000001547,2014,2014,,EUR,Europe,,CYP,Cyprus,,SA_WINE,Wine,,0,0,,,,,
SA_0000001547,2014,2014,,EUR,Europe,,CYP,Cyprus,,SA_SPIRITS,Spirits,,956.82,956.82,,,,,
SA_0000001547,2014,2014,,EUR,Europe,,FIN,Finland,,SA_SPIRITS,Spirits,,4555,4555,,,,,
SA_0000001547,2014,2014,,EUR,Europe,,FRA,France,,SA_BEER,Beer,,7.38,7.38,,,,,
SA_0000001547,2009,2009,,EUR,Europe,,ISL,Iceland,,SA_SPIRITS,Spirits,,5844,5844,,,,,
SA_0000001547,2014,2014,,EUR,Europe,,KAZ,Kazakhstan,,SA_SPIRITS,Spirits,,5,5,,,,,
SA_0000001547,2014,2014,,EUR,Europe,,MLT,Malta,,SA_WINE,Wine,,200,200,,,,,
SA_0000001547,2014,2014,,EUR,Europe,,MLT,Malta,,SA_SPIRITS,Spirits,,1350,1350,,,,,
SA_0000001547,2014,2014,,EUR,Europe,,SVK,Slovakia,,SA_WINE,Wine,,0,0,,,,,
SA_0000001547,2014,2014,,EUR,Europe,,SVK,Slovakia,,SA_SPIRITS,Spirits,,1080,1080,,,,,
SA_0000001547,2011,2011,,EUR,Europe,,CHE,Switzerland,,SA_BEER,Beer,,416,416,,,,,
SA_0000001547,2012,2012,,EUR,Europe,,AUT,Austria,,SA_WINE,Wine,,0,0,,,,,
SA_0000001547,2009,2009,,EUR,Europe,,BEL,Belgium,,SA_BEER,Beer,,20.52,20.52,,,,,
SA_0000001547,2010,2010,,EUR,Europe,,HRV,Croatia,,SA_WINE,Wine,,0,0,,,,,
SA_0000001547,2012,2012,,EUR,Europe,,HRV,Croatia,,SA_BEER,Beer,,25.86,25.86,,,,,
SA_0000001547,2012,2012,,EUR,Europe,,HRV,Croatia,,SA_SPIRITS,Spirits,,706,706,,,,,
SA_0000001547,2009,2009,,EUR,Europe,,CYP,Cyprus,,SA_WINE,Wine,,0,0,,,,,
SA_0000001547,2010,2010,,EUR,Europe,,CYP,Cyprus,,SA_BEER,Beer,,22.8,22.8,,,,,
SA_0000001547,2012,2012,,EUR,Europe,,CZE,Czechia,,SA_SPIRITS,Spirits,,1136.36,1136.36,,,,,
SA_0000001547,2008,2008,,EUR,Europe,,DNK,Denmark,,SA_WINE,Wine,,82.3,82.3,,,,,
SA_0000001547,2011,2011,,EUR,Europe,,DNK,Denmark,,SA_BEER,Beer,,31.82,31.82,,,,,
SA_0000001547,2012,2012,,EUR,Europe,,DNK,Denmark,,SA_BEER,Beer,,40.95,40.95,,,,,
SA_0000001547,2010,2010,,EUR,Europe,,FIN,Finland,,SA_BEER,Beer,,124.8,124.8,,,,,
SA_0000001547,2008,2008,,EUR,Europe,,FRA,France,,SA_BEER,Beer,,13,13,,,,,
SA_0000001547,2008,2008,,EUR,Europe,,FRA,France,,SA_SPIRITS,Spirits,,1471.8,1471.8,,,,,
SA_0000001547,2011,2011,,EUR,Europe,,DEU,Germany,,SA_WINE,Wine,,0,0,,,,,
SA_0000001547,2012,2012,,EUR,Europe,,DEU,Germany,,SA_BEER,Beer,,9.4,9.4,,,,,
SA_0000001547,2008,2008,,EUR,Europe,,GRC,Greece,,SA_SPIRITS,Spirits,,1306,1306,,,,,
SA_0000001547,2009,2009,,EUR,Europe,,GRC,Greece,,SA_WINE,Wine,,0,0,,,,,
SA_0000001547,2012,2012,,EUR,Europe,,HUN,Hungary,,SA_BEER,Beer,,24.75,24.75,,,,,
SA_0000001547,2012,2012,,EUR,Europe,,HUN,Hungary,,SA_SPIRITS,Spirits,,984,984,,,,,
SA_0000001547,2009,2009,,EUR,Europe,,IRL,Ireland,,SA_BEER,Beer,,95.4,95.4,,,,,
SA_0000001547,2009,2009,,EUR,Europe,,IRL,Ireland,,SA_SPIRITS,Spirits,,3113,3113,,,,,
SA_0000001547,2012,2012,,EUR,Europe,,ITA,Italy,,SA_WINE,Wine,,0,0,,,,,
SA_0000001547,2008,2008,,EUR,Europe,,LVA,Latvia,,SA_BEER,Beer,,9.2,9.2,,,,,
SA_0000001547,2010,2010,,EUR,Europe,,LVA,Latvia,,SA_WINE,Wine,,63.45,63.45,,,,,
SA_0000001547,2011,2011,,EUR,Europe,,LVA,Latvia,,SA_BEER,Beer,,14.77,14.77,,,,,
SA_0000001547,2008,2008,,EUR,Europe,,LUX,Luxembourg,,SA_SPIRITS,Spirits,,1041.15,1041.15,,,,,
SA_0000001547,2009,2009,,EUR,Europe,,LUX,Luxembourg,,SA_WINE,Wine,,0,0,,,,,
SA_0000001547,2011,2011,,EUR,Europe,,LUX,Luxembourg,,SA_SPIRITS,Spirits,,1041.15,1041.15,,,,,
SA_0000001547,2008,2008,,EUR,Europe,,NLD,Netherlands,,SA_WINE,Wine,,68.5,68.5,,,,,
SA_0000001547,2009,2009,,EUR,Europe,,NLD,Netherlands,,SA_BEER,Beer,,32.6,32.6,,,,,
SA_0000001547,2009,2009,,EUR,Europe,,NLD,Netherlands,,SA_SPIRITS,Spirits,,1504,1504,,,,,
SA_0000001547,2011,2011,,EUR,Europe,,NLD,Netherlands,,SA_WINE,Wine,,70.56,70.56,,,,,
SA_0000001547,2012,2012,,EUR,Europe,,NLD,Netherlands,,SA_BEER,Beer,,32.64,32.64,,,,,
SA_0000001547,2010,2010,,EUR,Europe,,POL,Poland,,SA_WINE,Wine,,36.06,36.06,,,,,
SA_0000001547,2012,2012,,EUR,Europe,,POL,Poland,,SA_SPIRITS,Spirits,,1132,1132,,,,,
SA_0000001547,2008,2008,,EUR,Europe,,PRT,Portugal,,SA_WINE,Wine,,0,0,,,,,
SA_0000001547,2011,2011,,EUR,Europe,,ROU,Romania,,SA_SPIRITS,Spirits,,750,750,,,,,
SA_0000001547,2008,2008,,EUR,Europe,,SVK,Slovakia,,SA_BEER,Beer,,18.4,18.4,,,,,
SA_0000001547,2008,2008,,EUR,Europe,,SVK,Slovakia,,SA_SPIRITS,Spirits,,939.4,939.4,,,,,
SA_0000001547,2011,2011,,EUR,Europe,,SVN,Slovenia,,SA_WINE,Wine,,0,0,,,,,
SA_0000001547,2012,2012,,EUR,Europe,,SVN,Slovenia,,SA_BEER,Beer,,52.8,52.8,,,,,
SA_0000001547,2009,2009,,EUR,Europe,,ESP,Spain,,SA_WINE,Wine,,0,0,,,,,
SA_0000001547,2012,2012,,EUR,Europe,,SWE,Sweden,,SA_BEER,Beer,,94.04,94.04,,,,,
SA_0000001547,2010,2010,,EUR,Europe,,GBR,United Kingdom of Great Britain and Northern Ireland,,SA_BEER,Beer,,91.2,91.2,,,,,
SA_0000001547,2012,2012,,EUR,Europe,,GBR,United Kingdom of Great Britain and Northern Ireland,,SA_WINE,Wine,,334.11,334.11,,,,,
SA_0000001547,2012,2012,,EUR,Europe,,BEL,Belgium,,SA_SPIRITS,Spirits,,1752.2,1752.2,,,,,
SA_0000001547,2013,2013,,EUR,Europe,,FRA,France,,SA_BEER,Beer,,13.2,13.2,,,,,
SA_0000001547,2013,2013,,EUR,Europe,,FRA,France,,SA_SPIRITS,Spirits,,1689.05,1689.05,,,,,
SA_0000001547,2013,2013,,EUR,Europe,,GRC,Greece,,SA_WINE,Wine,,0,0,,,,,
SA_0000001547,2008,2008,,EUR,Europe,,HUN,Hungary,,SA_SPIRITS,Spirits,,976.6,976.6,,,,,
SA_0000001547,2012,2012,,EUR,Europe,,LUX,Luxembourg,,SA_BEER,Beer,,9.52,9.52,,,,,
SA_0000001547,2013,2013,,EUR,Europe,,NLD,Netherlands,,SA_BEER,Beer,,32.64,32.64,,,,,
SA_0000001547,2013,2013,,EUR,Europe,,NLD,Netherlands,,SA_SPIRITS,Spirits,,1594,1594,,,,,
SA_0000001547,2013,2013,,EUR,Europe,,ESP,Spain,,SA_BEER,Beer,,9.96,9.96,,,,,
SA_0000001547,2013,2013,,EUR,Europe,,ESP,Spain,,SA_SPIRITS,Spirits,,830.25,830.25,,,,,
SA_0000001547,2008,2008,,EUR,Europe,,GBR,United Kingdom of Great Britain and Northern Ireland,,SA_WINE,Wine,,265,265,,,,,
SA_0000001547,2009,2009,,EUR,Europe,,GBR,United Kingdom of Great Britain and Northern Ireland,,SA_BEER,Beer,,99.8,99.8,,,,,
SA_0000001547,2014,2014,,EUR,Europe,,BEL,Belgium,,SA_SPIRITS,Spirits,,2124.68,2124.68,,,,,
SA_0000001547,2014,2014,,EUR,Europe,,BGR,Bulgaria,,SA_SPIRITS,Spirits,,562.43,562.43,,,,,
SA_0000001547,2009,2009,,EUR,Europe,,HRV,Croatia,,SA_WINE,Wine,,0,0,,,,,
SA_0000001547,2014,2014,,EUR,Europe,,EST,Estonia,,SA_SPIRITS,Spirits,,1889,1889,,,,,
SA_0000001547,2014,2014,,EUR,Europe,,FIN,Finland,,SA_BEER,Beer,,32.05,32.05,,,,,
SA_0000001547,2014,2014,,EUR,Europe,,FRA,France,,SA_SPIRITS,Spirits,,1730.64,1730.64,,,,,
SA_0000001547,2014,2014,,EUR,Europe,,DEU,Germany,,SA_WINE,Wine,,0,0,,,,,
SA_0000001547,2013,2013,,EUR,Europe,,KAZ,Kazakhstan,,SA_SPIRITS,Spirits,,2.5,2.5,,,,,
SA_0000001547,2015,2015,,EUR,Europe,,LVA,Latvia,,SA_BEER,Beer,,3.8,3.8,,,,,
SA_0000001547,2015,2015,,EUR,Europe,,LVA,Latvia,,SA_SPIRITS,Spirits,,1360,1360,,,,,
SA_0000001547,2014,2014,,EUR,Europe,,PRT,Portugal,,SA_WINE,Wine,,0,0,,,,,
SA_0000001547,2014,2014,,EUR,Europe,,SVN,Slovenia,,SA_WINE,Wine,,0,0,,,,,
SA_0000001547,2014,2014,,EUR,Europe,,ESP,Spain,,SA_BEER,Beer,,7.98,7.98,,,,,
SA_0000001547,2009,2009,,EUR,Europe,,AUT,Austria,,SA_WINE,Wine,,0,0,,,,,
SA_0000001547,2012,2012,,EUR,Europe,,BEL,Belgium,,SA_BEER,Beer,,20.53,20.53,,,,,
SA_0000001547,2010,2010,,EUR,Europe,,BGR,Bulgaria,,SA_BEER,Beer,,9.2,9.2,,,,,
SA_0000001547,2011,2011,,EUR,Europe,,BGR,Bulgaria,,SA_BEER,Beer,,9.2,9.2,,,,,
SA_0000001547,2012,2012,,EUR,Europe,,CYP,Cyprus,,SA_WINE,Wine,,0,0,,,,,
SA_0000001547,2008,2008,,EUR,Europe,,CZE,Czechia,,SA_BEER,Beer,,10.9,10.9,,,,,
SA_0000001547,2009,2009,,EUR,Europe,,CZE,Czechia,,SA_SPIRITS,Spirits,,1121,1121,,,,,
SA_0000001547,2010,2010,,EUR,Europe,,CZE,Czechia,,SA_WINE,Wine,,0,0,,,,,
SA_0000001547,2011,2011,,EUR,Europe,,CZE,Czechia,,SA_BEER,Beer,,12.86,12.86,,,,,
SA_0000001547,2009,2009,,EUR,Europe,,EST,Estonia,,SA_BEER,Beer,,23.6,23.6,,,,,
SA_0000001547,2010,2010,,EUR,Europe,,EST,Estonia,,SA_WINE,Wine,,76.8,76.8,,,,,
SA_0000001547,2012,2012,,EUR,Europe,,EST,Estonia,,SA_BEER,Beer,,13.68,13.68,,,,,
SA_0000001547,2012,2012,,EUR,Europe,,EST,Estonia,,SA_SPIRITS,Spirits,,1491,1491,,,,,
SA_0000001547,2010,2010,,EUR,Europe,,FRA,France,,SA_WINE,Wine,,3.6,3.6,,,,,
SA_0000001547,2011,2011,,EUR,Europe,,FRA,France,,SA_BEER,Beer,,13.3,13.3,,,,,
SA_0000001547,2008,2008,,EUR,Europe,,DEU,Germany,,SA_WINE,Wine,,0,0,,,,,
SA_0000001547,2009,2009,,EUR,Europe,,DEU,Germany,,SA_BEER,Beer,,9.4,9.4,,,,,
SA_0000001547,2011,2011,,EUR,Europe,,GRC,Greece,,SA_SPIRITS,Spirits,,1837.5,1837.5,,,,,
SA_0000001547,2012,2012,,EUR,Europe,,GRC,Greece,,SA_WINE,Wine,,0,0,,,,,
SA_0000001547,2010,2010,,EUR,Europe,,HUN,Hungary,,SA_WINE,Wine,,0,0,,,,,
SA_0000001547,2012,2012,,EUR,Europe,,IRL,Ireland,,SA_BEER,Beer,,75.41,75.41,,,,,
SA_0000001547,2012,2012,,EUR,Europe,,IRL,Ireland,,SA_SPIRITS,Spirits,,3113,3113,,,,,
SA_0000001547,2009,2009,,EUR,Europe,,ITA,Italy,,SA_WINE,Wine,,0,0,,,,,
SA_0000001547,2010,2010,,EUR,Europe,,ITA,Italy,,SA_BEER,Beer,,28.2,28.2,,,,,
SA_0000001547,2012,2012,,EUR,Europe,,LVA,Latvia,,SA_SPIRITS,Spirits,,1325,1325,,,,,
SA_0000001547,2008,2008,,EUR,Europe,,LTU,Lithuania,,SA_WINE,Wine,,7.34,7.34,,,,,
SA_0000001547,2011,2011,,EUR,Europe,,LTU,Lithuania,,SA_WINE,Wine,,57.34,57.34,,,,,
SA_0000001547,2009,2009,,EUR,Europe,,MLT,Malta,,SA_BEER,Beer,,9,9,,,,,
SA_0000001547,2009,2009,,EUR,Europe,,MLT,Malta,,SA_SPIRITS,Spirits,,1400,1400,,,,,
SA_0000001547,2012,2012,,EUR,Europe,,MLT,Malta,,SA_BEER,Beer,,18,18,,,,,
SA_0000001547,2012,2012,,EUR,Europe,,MLT,Malta,,SA_SPIRITS,Spirits,,1250,1250,,,,,
SA_0000001547,2009,2009,,EUR,Europe,,NOR,Norway,,SA_WINE,Wine,,517.2,517.2,,,,,
SA_0000001547,2010,2010,,EUR,Europe,,NOR,Norway,,SA_BEER,Beer,,229,229,,,,,
SA_0000001547,2008,2008,,EUR,Europe,,POL,Poland,,SA_BEER,Beer,,22.7,22.7,,,,,
SA_0000001547,2010,2010,,EUR,Europe,,PRT,Portugal,,SA_BEER,Beer,,17.4,17.4,,,,,
SA_0000001547,2011,2011,,EUR,Europe,,PRT,Portugal,,SA_WINE,Wine,,0,0,,,,,
SA_0000001547,2008,2008,,EUR,Europe,,ROU,Romania,,SA_BEER,Beer,,9.8,9.8,,,,,
SA_0000001547,2008,2008,,EUR,Europe,,ROU,Romania,,SA_SPIRITS,Spirits,,750,750,,,,,
SA_0000001547,2010,2010,,EUR,Europe,,SVK,Slovakia,,SA_WINE,Wine,,0,0,,,,,
SA_0000001547,2011,2011,,EUR,Europe,,SVK,Slovakia,,SA_BEER,Beer,,17.94,17.94,,,,,
SA_0000001547,2008,2008,,EUR,Europe,,SVN,Slovenia,,SA_WINE,Wine,,0,0,,,,,
SA_0000001547,2009,2009,,EUR,Europe,,SVN,Slovenia,,SA_BEER,Beer,,68.6,68.6,,,,,
SA_0000001547,2011,2011,,EUR,Europe,,ESP,Spain,,SA_SPIRITS,Spirits,,30.25,30.25,,,,,
SA_0000001547,2012,2012,,EUR,Europe,,ESP,Spain,,SA_WINE,Wine,,0,0,,,,,
SA_0000001547,2009,2009,,EUR,Europe,,SWE,Sweden,,SA_SPIRITS,Spirits,,4921.1,4921.1,,,,,
SA_0000001547,2010,2010,,EUR,Europe,,SWE,Sweden,,SA_WINE,Wine,,235.61,235.61,,,,,
SA_0000001547,2012,2012,,EUR,Europe,,MKD,North Macedonia,,SA_SPIRITS,Spirits,,488,488,,,,,
SA_0000001547,2013,2013,,EUR,Europe,,CYP,Cyprus,,SA_SPIRITS,Spirits,,956.82,956.82,,,,,
SA_0000001547,2013,2013,,EUR,Europe,,EST,Estonia,,SA_SPIRITS,Spirits,,1565,1565,,,,,
SA_0000001547,2013,2013,,EUR,Europe,,IRL,Ireland,,SA_SPIRITS,Spirits,,3685,3685,,,,,
SA_0000001547,2013,2013,,EUR,Europe,,ITA,Italy,,SA_WINE,Wine,,0,0,,,,,
SA_0000001547,2010,2010,,EUR,Europe,,LTU,Lithuania,,SA_SPIRITS,Spirits,,1278.96,1278.96,,,,,
SA_0000001547,2011,2011,,EUR,Europe,,LTU,Lithuania,,SA_SPIRITS,Spirits,,1278.96,1278.96,,,,,
SA_0000001547,2008,2008,,EUR,Europe,,PRT,Portugal,,SA_SPIRITS,Spirits,,1001.4,1001.4,,,,,
SA_0000001547,2013,2013,,EUR,Europe,,PRT,Portugal,,SA_SPIRITS,Spirits,,1192.11,1192.11,,,,,
SA_0000001547,2013,2013,,EUR,Europe,,ROU,Romania,,SA_SPIRITS,Spirits,,750,750,,,,,
SA_0000001547,2013,2013,,EUR,Europe,,SVK,Slovakia,,SA_WINE,Wine,,0,0,,,,,
SA_0000001547,2013,2013,,EUR,Europe,,GBR,United Kingdom of Great Britain and Northern Ireland,,SA_WINE,Wine,,334.11,334.11,,,,,
SA_0000001547,2008,2008,,EUR,Europe,,AUT,Austria,,SA_SPIRITS,Spirits,,1000,1000,,,,,
SA_0000001547,2011,2011,,EUR,Europe,,AUT,Austria,,SA_SPIRITS,Spirits,,1000,1000,,,,,
SA_0000001547,2014,2014,,EUR,Europe,,HRV,Croatia,,SA_BEER,Beer,,5.23,5.23,,,,,
SA_0000001547,2014,2014,,EUR,Europe,,HRV,Croatia,,SA_SPIRITS,Spirits,,693.49,693.49,,,,,
SA_0000001547,2010,2010,,EUR,Europe,,DNK,Denmark,,SA_SPIRITS,Spirits,,2011.69,2011.69,,,,,
SA_0000001547,2012,2012,,EUR,Europe,,DNK,Denmark,,SA_SPIRITS,Spirits,,2016,2016,,,,,
SA_0000001547,2014,2014,,EUR,Europe,,HUN,Hungary,,SA_SPIRITS,Spirits,,1074.4,1074.4,,,,,
SA_0000001547,2009,2009,,EUR,Europe,,ISL,Iceland,,SA_WINE,Wine,,3468,3468,,,,,
SA_0000001547,2011,2011,,EUR,Europe,,ISL,Iceland,,SA_SPIRITS,Spirits,,6825,6825,,,,,
SA_0000001547,2014,2014,,EUR,Europe,,IRL,Ireland,,SA_WINE,Wine,,520.65,520.65,,,,,
SA_0000001547,2014,2014,,EUR,Europe,,LUX,Luxembourg,,SA_SPIRITS,Spirits,,1041.15,1041.15,,,,,
SA_0000001547,2014,2014,,EUR,Europe,,NLD,Netherlands,,SA_WINE,Wine,,88.36,88.36,,,,,
SA_0000001547,2009,2009,,EUR,Europe,,NOR,Norway,,SA_SPIRITS,Spirits,,7349,7349,,,,,
SA_0000001547,2014,2014,,EUR,Europe,,SWE,Sweden,,SA_SPIRITS,Spirits,,5624.86,5624.86,,,,,
SA_0000001547,2009,2009,,EUR,Europe,,CHE,Switzerland,,SA_BEER,Beer,,320,320,,,,,
SA_0000001547,2009,2009,,EUR,Europe,,TUR,Türkiye,,SA_SPIRITS,Spirits,,3348,3348,,,,,
SA_0000001547,2011,2011,,EUR,Europe,,TUR,Türkiye,,SA_BEER,Beer,,2112,2112,,,,,
SA_0000001547,2008,2008,,EUR,Europe,,AUT,Austria,,SA_BEER,Beer,,25,25,,,,,
SA_0000001547,2008,2008,,EUR,Europe,,BGR,Bulgaria,,SA_WINE,Wine,,0,0,,,,,
SA_0000001547,2008,2008,,EUR,Europe,,BGR,Bulgaria,,SA_SPIRITS,Spirits,,562.43,562.43,,,,,
SA_0000001547,2008,2008,,EUR,Europe,,CYP,Cyprus,,SA_WINE,Wine,,0,0,,,,,
SA_0000001547,2008,2008,,EUR,Europe,,CYP,Cyprus,,SA_SPIRITS,Spirits,,598.01,598.01,,,,,
SA_0000001547,2008,2008,,EUR,Europe,,CZE,Czechia,,SA_WINE,Wine,,0,0,,,,,
SA_0000001547,2009,2009,,EUR,Europe,,CZE,Czechia,,SA_WINE,Wine,,0,0,,,,,
SA_0000001547,2009,2009,,EUR,Europe,,DNK,Denmark,,SA_BEER,Beer,,32.8,32.8,,,,,
SA_0000001547,2009,2009,,EUR,Europe,,DNK,Denmark,,SA_WINE,Wine,,82.5,82.5,,,,,
SA_0000001547,2011,2011,,EUR,Europe,,EST,Estonia,,SA_BEER,Beer,,27,27,,,,,
SA_0000001547,2011,2011,,EUR,Europe,,EST,Estonia,,SA_WINE,Wine,,76.8,76.8,,,,,
SA_0000001547,2011,2011,,EUR,Europe,,FIN,Finland,,SA_BEER,Beer,,299,299,,,,,
SA_0000001547,2012,2012,,EUR,Europe,,FIN,Finland,,SA_BEER,Beer,,143.52,143.52,,,,,
SA_0000001547,2012,2012,,EUR,Europe,,FIN,Finland,,SA_WINE,Wine,,312,312,,,,,
SA_0000001547,2012,2012,,EUR,Europe,,FRA,France,,SA_BEER,Beer,,13.2,13.2,,,,,
SA_0000001547,2012,2012,,EUR,Europe,,DEU,Germany,,SA_SPIRITS,Spirits,,1303,1303,,,,,
SA_0000001547,2008,2008,,EUR,Europe,,GRC,Greece,,SA_BEER,Beer,,13.6,13.6,,,,,
SA_0000001547,2009,2009,,EUR,Europe,,HUN,Hungary,,SA_BEER,Beer,,26.8,26.8,,,,,
SA_0000001547,2012,2012,,EUR,Europe,,ISL,Iceland,,SA_SPIRITS,Spirits,,6825,6825,,,,,
SA_0000001547,2008,2008,,EUR,Europe,,ITA,Italy,,SA_WINE,Wine,,0,0,,,,,
SA_0000001547,2008,2008,,EUR,Europe,,ITA,Italy,,SA_SPIRITS,Spirits,,800.01,800.01,,,,,
SA_0000001547,2009,2009,,EUR,Europe,,LVA,Latvia,,SA_WINE,Wine,,63.5,63.5,,,,,
SA_0000001547,2009,2009,,EUR,Europe,,LVA,Latvia,,SA_SPIRITS,Spirits,,1256.5,1256.5,,,,,
SA_0000001547,2009,2009,,EUR,Europe,,LTU,Lithuania,,SA_BEER,Beer,,11.8,11.8,,,,,
SA_0000001547,2009,2009,,EUR,Europe,,LTU,Lithuania,,SA_WINE,Wine,,57.34,57.34,,,,,
SA_0000001547,2010,2010,,EUR,Europe,,LTU,Lithuania,,SA_WINE,Wine,,57.34,57.34,,,,,
SA_0000001547,2010,2010,,EUR,Europe,,LUX,Luxembourg,,SA_BEER,Beer,,9.5,9.5,,,,,
SA_0000001547,2010,2010,,EUR,Europe,,LUX,Luxembourg,,SA_WINE,Wine,,0,0,,,,,
SA_0000001547,2011,2011,,EUR,Europe,,MLT,Malta,,SA_BEER,Beer,,9,9,,,,,
SA_0000001547,2011,2011,,EUR,Europe,,MLT,Malta,,SA_WINE,Wine,,0,0,,,,,
SA_0000001547,2010,2010,,EUR,Europe,,NLD,Netherlands,,SA_BEER,Beer,,32.6,32.6,,,,,
SA_0000001547,2011,2011,,EUR,Europe,,NLD,Netherlands,,SA_BEER,Beer,,32.6,32.6,,,,,
SA_0000001547,2011,2011,,EUR,Europe,,POL,Poland,,SA_SPIRITS,Spirits,,1132.03,1132.03,,,,,
SA_0000001547,2012,2012,,EUR,Europe,,POL,Poland,,SA_BEER,Beer,,22.52,22.52,,,,,
SA_0000001547,2011,2011,,EUR,Europe,,PRT,Portugal,,SA_SPIRITS,Spirits,,1108.94,1108.94,,,,,
SA_0000001547,2012,2012,,EUR,Europe,,PRT,Portugal,,SA_SPIRITS,Spirits,,1109,1109,,,,,
SA_0000001547,2012,2012,,EUR,Europe,,ROU,Romania,,SA_WINE,Wine,,0,0,,,,,
SA_0000001547,2012,2012,,EUR,Europe,,ROU,Romania,,SA_SPIRITS,Spirits,,750,750,,,,,
SA_0000001547,2012,2012,,EUR,Europe,,SVK,Slovakia,,SA_WINE,Wine,,0,0,,,,,
SA_0000001547,2012,2012,,EUR,Europe,,SVK,Slovakia,,SA_SPIRITS,Spirits,,1080,1080,,,,,
SA_0000001547,2012,2012,,EUR,Europe,,SVN,Slovenia,,SA_WINE,Wine,,0,0,,,,,
SA_0000001547,2008,2008,,EUR,Europe,,ESP,Spain,,SA_WINE,Wine,,0,0,,,,,
SA_0000001547,2008,2008,,EUR,Europe,,SWE,Sweden,,SA_BEER,Beer,,90.3,90.3,,,,,
SA_0000001547,2008,2008,,EUR,Europe,,SWE,Sweden,,SA_WINE,Wine,,222,222,,,,,
SA_0000001547,2009,2009,,EUR,Europe,,CHE,Switzerland,,SA_WINE,Wine,,0,0,,,,,
SA_0000001547,2012,2012,,EUR,Europe,,TUR,Türkiye,,SA_BEER,Beer,,128.74,128.74,,,,,
SA_0000001547,2009,2009,,EUR,Europe,,BEL,Belgium,,SA_SPIRITS,Spirits,,1752.2,1752.2,,,,,
SA_0000001547,2010,2010,,EUR,Europe,,BEL,Belgium,,SA_SPIRITS,Spirits,,1752.2,1752.2,,,,,
SA_0000001547,2013,2013,,EUR,Europe,,DNK,Denmark,,SA_WINE,Wine,,172.7,172.7,,,,,
SA_0000001547,2013,2013,,EUR,Europe,,DEU,Germany,,SA_BEER,Beer,,9.4,9.4,,,,,
SA_0000001547,2013,2013,,EUR,Europe,,DEU,Germany,,SA_WINE,Wine,,0,0,,,,,
SA_0000001547,2013,2013,,EUR,Europe,,GRC,Greece,,SA_BEER,Beer,,31.2,31.2,,,,,
SA_0000001547,2013,2013,,EUR,Europe,,LVA,Latvia,,SA_WINE,Wine,,64.64,64.64,,,,,
SA_0000001547,2013,2013,,EUR,Europe,,MLT,Malta,,SA_BEER,Beer,,9,9,,,,,
SA_0000001547,2013,2013,,EUR,Europe,,MLT,Malta,,SA_WINE,Wine,,0,0,,,,,
SA_0000001547,2010,2010,,EUR,Europe,,ROU,Romania,,SA_SPIRITS,Spirits,,750,750,,,,,
SA_0000001547,2013,2013,,EUR,Europe,,ROU,Romania,,SA_WINE,Wine,,0,0,,,,,
SA_0000001547,2012,2012,,EUR,Europe,,SWE,Sweden,,SA_SPIRITS,Spirits,,5474.39,5474.39,,,,,
SA_0000001547,2011,2011,,EUR,Europe,,BGR,Bulgaria,,SA_SPIRITS,Spirits,,562.43,562.43,,,,,
SA_0000001547,2012,2012,,EUR,Europe,,BGR,Bulgaria,,SA_SPIRITS,Spirits,,562.43,562.43,,,,,
SA_0000001547,2014,2014,,EUR,Europe,,CZE,Czechia,,SA_WINE,Wine,,0,0,,,,,
SA_0000001547,2014,2014,,EUR,Europe,,FIN,Finland,,SA_WINE,Wine,,339,339,,,,,
SA_0000001547,2014,2014,,EUR,Europe,,FRA,France,,SA_WINE,Wine,,3.75,3.75,,,,,
SA_0000001547,2014,2014,,EUR,Europe,,LVA,Latvia,,SA_WINE,Wine,,64.64,64.64,,,,,
SA_0000001547,2014,2014,,EUR,Europe,,NLD,Netherlands,,SA_BEER,Beer,,30.38,30.38,,,,,
SA_0000001547,2014,2014,,EUR,Europe,,ROU,Romania,,SA_SPIRITS,Spirits,,1074.55,1074.55,,,,,
SA_0000001547,2014,2014,,EUR,Europe,,SVK,Slovakia,,SA_BEER,Beer,,3.59,3.59,,,,,
SA_0000001547,2011,2011,,EUR,Europe,,CHE,Switzerland,,SA_SPIRITS,Spirits,,2383,2383,,,,,
SA_0000001547,2009,2009,,EUR,Europe,,TUR,Türkiye,,SA_BEER,Beer,,1541,1541,,,,,
SA_0000001547,2010,2010,,EUR,Europe,,AUT,Austria,,SA_WINE,Wine,,0,0,,,,,
SA_0000001547,2011,2011,,EUR,Europe,,AUT,Austria,,SA_BEER,Beer,,24,24,,,,,
SA_0000001547,2010,2010,,EUR,Europe,,BEL,Belgium,,SA_WINE,Wine,,47.1,47.1,,,,,
SA_0000001547,2011,2011,,EUR,Europe,,BEL,Belgium,,SA_BEER,Beer,,20.52,20.52,,,,,
SA_0000001547,2011,2011,,EUR,Europe,,BGR,Bulgaria,,SA_WINE,Wine,,0,0,,,,,
SA_0000001547,2012,2012,,EUR,Europe,,BGR,Bulgaria,,SA_WINE,Wine,,0,0,,,,,
SA_0000001547,2011,2011,,EUR,Europe,,CYP,Cyprus,,SA_WINE,Wine,,0,0,,,,,
SA_0000001547,2011,2011,,EUR,Europe,,CZE,Czechia,,SA_WINE,Wine,,0,0,,,,,
SA_0000001547,2012,2012,,EUR,Europe,,CZE,Czechia,,SA_BEER,Beer,,15.44,15.44,,,,,
SA_0000001547,2008,2008,,EUR,Europe,,EST,Estonia,,SA_BEER,Beer,,24.6,24.6,,,,,
SA_0000001547,2008,2008,,EUR,Europe,,EST,Estonia,,SA_SPIRITS,Spirits,,1291.1,1291.1,,,,,
SA_0000001547,2008,2008,,EUR,Europe,,FIN,Finland,,SA_SPIRITS,Spirits,,3580,3580,,,,,
SA_0000001547,2009,2009,,EUR,Europe,,FIN,Finland,,SA_WINE,Wine,,283,283,,,,,
SA_0000001547,2009,2009,,EUR,Europe,,FRA,France,,SA_WINE,Wine,,0.6,0.6,,,,,
SA_0000001547,2010,2010,,EUR,Europe,,FRA,France,,SA_BEER,Beer,,13,13,,,,,
SA_0000001547,2009,2009,,EUR,Europe,,DEU,Germany,,SA_WINE,Wine,,0,0,,,,,
SA_0000001547,2010,2010,,EUR,Europe,,DEU,Germany,,SA_BEER,Beer,,9.4,9.4,,,,,
SA_0000001547,2010,2010,,EUR,Europe,,DEU,Germany,,SA_SPIRITS,Spirits,,1303,1303,,,,,
SA_0000001547,2010,2010,,EUR,Europe,,GRC,Greece,,SA_BEER,Beer,,31.2,31.2,,,,,
SA_0000001547,2011,2011,,EUR,Europe,,HUN,Hungary,,SA_WINE,Wine,,0,0,,,,,
SA_0000001547,2010,2010,,EUR,Europe,,IRL,Ireland,,SA_WINE,Wine,,321.38,321.38,,,,,
SA_0000001547,2011,2011,,EUR,Europe,,IRL,Ireland,,SA_BEER,Beer,,157.1,157.1,,,,,
SA_0000001547,2011,2011,,EUR,Europe,,ITA,Italy,,SA_BEER,Beer,,29.4,29.4,,,,,
SA_0000001547,2011,2011,,EUR,Europe,,ITA,Italy,,SA_SPIRITS,Spirits,,800.01,800.01,,,,,
SA_0000001547,2011,2011,,EUR,Europe,,LVA,Latvia,,SA_SPIRITS,Spirits,,1325.44,1325.44,,,,,
SA_0000001547,2012,2012,,EUR,Europe,,LVA,Latvia,,SA_WINE,Wine,,64.64,64.64,,,,,
SA_0000001547,2012,2012,,EUR,Europe,,LTU,Lithuania,,SA_WINE,Wine,,57.34,57.34,,,,,
SA_0000001547,2008,2008,,EUR,Europe,,LUX,Luxembourg,,SA_BEER,Beer,,9.9,9.9,,,,,
SA_0000001547,2012,2012,,EUR,Europe,,LUX,Luxembourg,,SA_WINE,Wine,,0,0,,,,,
SA_0000001547,2008,2008,,EUR,Europe,,MLT,Malta,,SA_BEER,Beer,,9.3,9.3,,,,,
SA_0000001547,2012,2012,,EUR,Europe,,MNE,Montenegro,,SA_SPIRITS,Spirits,,650,650,,,,,
SA_0000001547,2012,2012,,EUR,Europe,,NLD,Netherlands,,SA_SPIRITS,Spirits,,1504,1504,,,,,
SA_0000001547,2008,2008,,EUR,Europe,,NOR,Norway,,SA_WINE,Wine,,517.7,517.7,,,,,
SA_0000001547,2008,2008,,EUR,Europe,,POL,Poland,,SA_WINE,Wine,,46.7,46.7,,,,,
SA_0000001547,2009,2009,,EUR,Europe,,POL,Poland,,SA_BEER,Beer,,24.3,24.3,,,,,
SA_0000001547,2009,2009,,EUR,Europe,,PRT,Portugal,,SA_BEER,Beer,,16.9,16.9,,,,,
SA_0000001547,2009,2009,,EUR,Europe,,ROU,Romania,,SA_SPIRITS,Spirits,,750,750,,,,,
SA_0000001547,2010,2010,,EUR,Europe,,ROU,Romania,,SA_WINE,Wine,,0,0,,,,,
SA_0000001547,2009,2009,,EUR,Europe,,SVK,Slovakia,,SA_WINE,Wine,,0,0,,,,,
SA_0000001547,2010,2010,,EUR,Europe,,SVK,Slovakia,,SA_BEER,Beer,,19.8,19.8,,,,,
SA_0000001547,2009,2009,,EUR,Europe,,SVN,Slovenia,,SA_WINE,Wine,,0,0,,,,,
SA_0000001547,2010,2010,,EUR,Europe,,SVN,Slovenia,,SA_BEER,Beer,,19.8,19.8,,,,,
SA_0000001547,2010,2010,,EUR,Europe,,ESP,Spain,,SA_BEER,Beer,,9.96,9.96,,,,,
SA_0000001547,2011,2011,,EUR,Europe,,SWE,Sweden,,SA_WINE,Wine,,235.61,235.61,,,,,
SA_0000001547,2011,2011,,EUR,Europe,,CHE,Switzerland,,SA_WINE,Wine,,0,0,,,,,
SA_0000001547,2012,2012,,EUR,Europe,,CHE,Switzerland,,SA_BEER,Beer,,14.34,14.34,,,,,
SA_0000001547,2013,2013,,EUR,Europe,,BGR,Bulgaria,,SA_BEER,Beer,,9.2,9.2,,,,,
SA_0000001547,2013,2013,,EUR,Europe,,HRV,Croatia,,SA_SPIRITS,Spirits,,713.76,713.76,,,,,
SA_0000001547,2013,2013,,EUR,Europe,,FIN,Finland,,SA_SPIRITS,Spirits,,4340,4340,,,,,
SA_0000001547,2013,2013,,EUR,Europe,,HUN,Hungary,,SA_SPIRITS,Spirits,,1167.48,1167.48,,,,,
SA_0000001547,2013,2013,,EUR,Europe,,LTU,Lithuania,,SA_WINE,Wine,,57.34,57.34,,,,,
SA_0000001547,2010,2010,,EUR,Europe,,LUX,Luxembourg,,SA_SPIRITS,Spirits,,1041.15,1041.15,,,,,
SA_0000001547,2013,2013,,EUR,Europe,,POL,Poland,,SA_SPIRITS,Spirits,,1208.08,1208.08,,,,,
SA_0000001547,2013,2013,,EUR,Europe,,SVN,Slovenia,,SA_WINE,Wine,,0,0,,,,,
SA_0000001547,2008,2008,,EUR,Europe,,ESP,Spain,,SA_SPIRITS,Spirits,,598,598,,,,,
SA_0000001547,2009,2009,,EUR,Europe,,GBR,United Kingdom of Great Britain and Northern Ireland,,SA_SPIRITS,Spirits,,2485.6,2485.6,,,,,
SA_0000001547,2013,2013,,EUR,Europe,,GBR,United Kingdom of Great Britain and Northern Ireland,,SA_BEER,Beer,,23.95,23.95,,,,,
SA_0000001547,2013,2013,,EUR,Europe,,BEL,Belgium,,SA_WINE,Wine,,52.75,52.75,,,,,
SA_0000001547,2014,2014,,EUR,Europe,,AUT,Austria,,SA_SPIRITS,Spirits,,1200,1200,,,,,
SA_0000001547,2011,2011,,EUR,Europe,,HRV,Croatia,,SA_SPIRITS,Spirits,,707,707,,,,,
SA_0000001547,2013,2013,,EUR,Europe,,DNK,Denmark,,SA_SPIRITS,Spirits,,2011.69,2011.69,,,,,
SA_0000001547,2014,2014,,EUR,Europe,,DNK,Denmark,,SA_WINE,Wine,,182.33,182.33,,,,,
SA_0000001547,2014,2014,,EUR,Europe,,EST,Estonia,,SA_BEER,Beer,,7.22,7.22,,,,,
SA_0000001547,2014,2014,,EUR,Europe,,GRC,Greece,,SA_SPIRITS,Spirits,,2450,2450,,,,,
SA_0000001547,2014,2014,,EUR,Europe,,IRL,Ireland,,SA_SPIRITS,Spirits,,4257,4257,,,,,
SA_0000001547,2014,2014,,EUR,Europe,,ITA,Italy,,SA_WINE,Wine,,0,0,,,,,
SA_0000001547,2014,2014,,EUR,Europe,,LTU,Lithuania,,SA_WINE,Wine,,57.34,57.34,,,,,
SA_0000001547,2015,2015,,EUR,Europe,,LTU,Lithuania,,SA_BEER,Beer,,3.11,3.11,,,,,
SA_0000001547,2014,2014,,EUR,Europe,,POL,Poland,,SA_SPIRITS,Spirits,,1364.1,1364.1,,,,,
SA_0000001547,2014,2014,,EUR,Europe,,ESP,Spain,,SA_SPIRITS,Spirits,,913.28,913.28,,,,,
SA_0000001547,2014,2014,,EUR,Europe,,SWE,Sweden,,SA_WINE,Wine,,276.8,276.8,,,,,
SA_0000001547,2012,2012,,EUR,Europe,,TKM,Turkmenistan,,SA_SPIRITS,Spirits,,79.43,79.43,,,,,
SA_0000001547,2014,2014,,EUR,Europe,,GBR,United Kingdom of Great Britain and Northern Ireland,,SA_WINE,Wine,,351.21,351.21,,,,,
SA_0000001547,2018,2018,,EUR,Europe,,AUT,Austria,,SA_TOTAL,All types,,1200,1200,,,,,
SA_0000001547,2018,2018,,EUR,Europe,,CYP,Cyprus,,SA_TOTAL,All types,,957,956.82,,,,,
SA_0000001547,2018,2018,,EUR,Europe,,CZE,Czechia,,SA_TOTAL,All types,,1096,1096.36,,,,,
SA_0000001547,2018,2018,,EUR,Europe,,DEU,Germany,,SA_TOTAL,All types,,1303,1303,,,,,
SA_0000001547,2018,2018,,EUR,Europe,,DNK,Denmark,,SA_TOTAL,All types,,8,7.52,,,,,
SA_0000001547,2018,2018,,EUR,Europe,,ESP,Spain,,SA_TOTAL,All types,,959,958.94,,,,,
SA_0000001547,2018,2018,,EUR,Europe,,EST,Estonia,,SA_TOTAL,All types,,8,8.3,,,,,
SA_0000001547,2018,2018,,EUR,Europe,,FIN,Finland,,SA_TOTAL,All types,,4785,4785,,,,,
SA_0000001547,2018,2018,,EUR,Europe,,FRA,France,,SA_TOTAL,All types,,7,7.41,,,,,
SA_0000001547,2018,2018,,EUR,Europe,,GBR,United Kingdom of Great Britain and Northern Ireland,,SA_TOTAL,All types,,3250,3250.4,,,,,
SA_0000001547,2018,2018,,EUR,Europe,,GRC,Greece,,SA_TOTAL,All types,,5,5,,,,,
SA_0000001547,2018,2018,,EUR,Europe,,HRV,Croatia,,SA_TOTAL,All types,,707,706.95,,,,,
SA_0000001547,2018,2018,,EUR,Europe,,HUN,Hungary,,SA_TOTAL,All types,,5,5.26,,,,,
SA_0000001547,2018,2018,,EUR,Europe,,IRL,Ireland,,SA_TOTAL,All types,,521,520.65,,,,,
SA_0000001547,2018,2018,,EUR,Europe,,ITA,Italy,,SA_TOTAL,All types,,3,3.02,,,,,
SA_0000001547,2018,2018,,EUR,Europe,,LTU,Lithuania,,SA_TOTAL,All types,,78,77.89,,,,,
SA_0000001547,2018,2018,,EUR,Europe,,LUX,Luxembourg,,SA_TOTAL,All types,,1041,1041.15,,,,,
SA_0000001547,2018,2018,,EUR,Europe,,LVA,Latvia,,SA_TOTAL,All types,,74,74,,,,,
SA_0000001547,2018,2018,,EUR,Europe,,MLT,Malta,,SA_TOTAL,All types,,21,20.5,,,,,
SA_0000001547,2018,2018,,EUR,Europe,,NLD,Netherlands,,SA_TOTAL,All types,,88,88.3,,,,,
SA_0000001547,2018,2018,,EUR,Europe,,POL,Poland,,SA_TOTAL,All types,,37,36.8,,,,,
SA_0000001547,2018,2018,,EUR,Europe,,PRT,Portugal,,SA_TOTAL,All types,,18,17.67,,,,,
SA_0000001547,2018,2018,,EUR,Europe,,ROU,Romania,,SA_TOTAL,All types,,721,720.82,,,,,
SA_0000001547,2018,2018,,EUR,Europe,,SVK,Slovakia,,SA_TOTAL,All types,,4,3.59,,,,,
SA_0000001547,2018,2018,,EUR,Europe,,SVN,Slovenia,,SA_TOTAL,All types,,1320,1320,,,,,
SA_0000001547,2018,2018,,EUR,Europe,,SWE,Sweden,,SA_TOTAL,All types,,5378,5378.07,,,,,
SA_0000001547,2017,2017,,EUR,Europe,,AUT,Austria,,SA_TOTAL,All types,,1200,1200,,,,,
SA_0000001547,2017,2017,,EUR,Europe,,BEL,Belgium,,SA_TOTAL,All types,,75,74.91,,,,,
SA_0000001547,2017,2017,,EUR,Europe,,BGR,Bulgaria,,SA_TOTAL,All types,,562,562.43,,,,,
SA_0000001547,2017,2017,,EUR,Europe,,CYP,Cyprus,,SA_TOTAL,All types,,957,956.82,,,,,
SA_0000001547,2017,2017,,EUR,Europe,,CZE,Czechia,,SA_TOTAL,All types,,1055,1054.74,,,,,
SA_0000001547,2017,2017,,EUR,Europe,,DEU,Germany,,SA_TOTAL,All types,,1303,1303,,,,,
SA_0000001547,2017,2017,,EUR,Europe,,DNK,Denmark,,SA_TOTAL,All types,,8,7.52,,,,,
SA_0000001547,2017,2017,,EUR,Europe,,ESP,Spain,,SA_TOTAL,All types,,959,958.84,,,,,
SA_0000001547,2017,2017,,EUR,Europe,,EST,Estonia,,SA_TOTAL,All types,,2389,2389,,,,,
SA_0000001547,2017,2017,,EUR,Europe,,FIN,Finland,,SA_TOTAL,All types,,4555,4555,,,,,
SA_0000001547,2017,2017,,EUR,Europe,,FRA,France,,SA_TOTAL,All types,,7,7.41,,,,,
SA_0000001547,2017,2017,,EUR,Europe,,GBR,United Kingdom of Great Britain and Northern Ireland,,SA_TOTAL,All types,,370,369.72,,,,,
SA_0000001547,2017,2017,,EUR,Europe,,GRC,Greece,,SA_TOTAL,All types,,8,7.66,,,,,
SA_0000001547,2017,2017,,EUR,Europe,,HRV,Croatia,,SA_TOTAL,All types,,706,706.17,,,,,
SA_0000001547,2017,2017,,EUR,Europe,,HUN,Hungary,,SA_TOTAL,All types,,5,5.26,,,,,
SA_0000001547,2017,2017,,EUR,Europe,,IRL,Ireland,,SA_TOTAL,All types,,521,520.65,,,,,
SA_0000001547,2017,2017,,EUR,Europe,,ITA,Italy,,SA_TOTAL,All types,,3,3.02,,,,,
SA_0000001547,2017,2017,,EUR,Europe,,LTU,Lithuania,,SA_TOTAL,All types,,7,7.11,,,,,
SA_0000001547,2017,2017,,EUR,Europe,,LUX,Luxembourg,,SA_TOTAL,All types,,1041,1041.15,,,,,
SA_0000001547,2017,2017,,EUR,Europe,,LVA,Latvia,,SA_TOTAL,All types,,78,78,,,,,
SA_0000001547,2017,2017,,EUR,Europe,,MLT,Malta,,SA_TOTAL,All types,,21,20.5,,,,,
SA_0000001547,2017,2017,,EUR,Europe,,NLD,Netherlands,,SA_TOTAL,All types,,88,88.3,,,,,
SA_0000001547,2017,2017,,EUR,Europe,,POL,Poland,,SA_TOTAL,All types,,39,38.8,,,,,
SA_0000001547,2017,2017,,EUR,Europe,,PRT,Portugal,,SA_TOTAL,All types,,21,20.61,,,,,
SA_0000001547,2017,2017,,EUR,Europe,,ROU,Romania,,SA_TOTAL,All types,,743,743.06,,,,,
SA_0000001547,2017,2017,,EUR,Europe,,SVK,Slovakia,,SA_TOTAL,All types,,4,3.59,,,,,
SA_0000001547,2017,2017,,EUR,Europe,,SVN,Slovenia,,SA_TOTAL,All types,,1320,1320,,,,,
SA_0000001547,2017,2017,,EUR,Europe,,SWE,Sweden,,SA_TOTAL,All types,,5385,5385.07,,,,,
SA_0000001547,2016,2016,,EUR,Europe,,AUT,Austria,,SA_TOTAL,All types,,1200,1200,,,,,
SA_0000001547,2016,2016,,EUR,Europe,,BEL,Belgium,,SA_TOTAL,All types,,57,57.24,,,,,
SA_0000001547,2016,2016,,EUR,Europe,,BGR,Bulgaria,,SA_TOTAL,All types,,562,562.43,,,,,
SA_0000001547,2016,2016,,EUR,Europe,,CYP,Cyprus,,SA_TOTAL,All types,,957,956.82,,,,,
SA_0000001547,2016,2016,,EUR,Europe,,CZE,Czechia,,SA_TOTAL,All types,,1036,1036.29,,,,,
SA_0000001547,2016,2016,,EUR,Europe,,DEU,Germany,,SA_TOTAL,All types,,1303,1303,,,,,
SA_0000001547,2016,2016,,EUR,Europe,,DNK,Denmark,,SA_TOTAL,All types,,8,7.53,,,,,
SA_0000001547,2016,2016,,EUR,Europe,,ESP,Spain,,SA_TOTAL,All types,,913,913.28,,,,,
SA_0000001547,2016,2016,,EUR,Europe,,EST,Estonia,,SA_TOTAL,All types,,97,97.37,,,,,
SA_0000001547,2016,2016,,EUR,Europe,,FIN,Finland,,SA_TOTAL,All types,,4555,4555,,,,,
SA_0000001547,2016,2016,,EUR,Europe,,FRA,France,,SA_TOTAL,All types,,7,7.38,,,,,
SA_0000001547,2016,2016,,EUR,Europe,,GRC,Greece,,SA_TOTAL,All types,,2450,2450,,,,,
SA_0000001547,2016,2016,,EUR,Europe,,HRV,Croatia,,SA_TOTAL,All types,,693,693.49,,,,,
SA_0000001547,2016,2016,,EUR,Europe,,HUN,Hungary,,SA_TOTAL,All types,,5,5.22,,,,,
SA_0000001547,2016,2016,,EUR,Europe,,IRL,Ireland,,SA_TOTAL,All types,,521,520.65,,,,,
SA_0000001547,2016,2016,,EUR,Europe,,ITA,Italy,,SA_TOTAL,All types,,3,3.04,,,,,
SA_0000001547,2016,2016,,EUR,Europe,,LTU,Lithuania,,SA_TOTAL,All types,,7,7.11,,,,,
SA_0000001547,2016,2016,,EUR,Europe,,LUX,Luxembourg,,SA_TOTAL,All types,,1041,1041.15,,,,,
SA_0000001547,2016,2016,,EUR,Europe,,LVA,Latvia,,SA_TOTAL,All types,,78,78,,,,,
SA_0000001547,2016,2016,,EUR,Europe,,MLT,Malta,,SA_TOTAL,All types,,1350,1350,,,,,
SA_0000001547,2016,2016,,EUR,Europe,,NLD,Netherlands,,SA_TOTAL,All types,,88,88.36,,,,,
SA_0000001547,2016,2016,,EUR,Europe,,POL,Poland,,SA_TOTAL,All types,,38,37.79,,,,,
SA_0000001547,2016,2016,,EUR,Europe,,PRT,Portugal,,SA_TOTAL,All types,,19,19.03,,,,,
SA_0000001547,2016,2016,,EUR,Europe,,ROU,Romania,,SA_TOTAL,All types,,743,743.06,,,,,
SA_0000001547,2016,2016,,EUR,Europe,,SVK,Slovakia,,SA_TOTAL,All types,,4,3.59,,,,,
SA_0000001547,2016,2016,,EUR,Europe,,SVN,Slovenia,,SA_TOTAL,All types,,1320,1320,,,,,
SA_0000001547,2016,2016,,EUR,Europe,,SWE,Sweden,,SA_TOTAL,All types,,5625,5624.86,,,,,
SA_0000001547,2016,2016,,AFR,Africa,,SWZ,Eswatini,,SA_TOTAL,All types,,682,682.22,,,,,
SA_0000001547,2015,2015,,EUR,Europe,,AUT,Austria,,SA_TOTAL,All types,,1200,1200,,,,,
SA_0000001547,2015,2015,,EUR,Europe,,BEL,Belgium,,SA_TOTAL,All types,,57,57.24,,,,,
SA_0000001547,2015,2015,,EUR,Europe,,BGR,Bulgaria,,SA_TOTAL,All types,,562,562.43,,,,,
SA_0000001547,2015,2015,,EUR,Europe,,CYP,Cyprus,,SA_TOTAL,All types,,957,956.82,,,,,
SA_0000001547,2015,2015,,EUR,Europe,,CZE,Czechia,,SA_TOTAL,All types,,1036,1036.29,,,,,
SA_0000001547,2015,2015,,EUR,Europe,,DEU,Germany,,SA_TOTAL,All types,,1303,1303,,,,,
SA_0000001547,2015,2015,,EUR,Europe,,DNK,Denmark,,SA_TOTAL,All types,,8,7.53,,,,,
SA_0000001547,2015,2015,,EUR,Europe,,ESP,Spain,,SA_TOTAL,All types,,913,913.28,,,,,
SA_0000001547,2015,2015,,EUR,Europe,,EST,Estonia,,SA_TOTAL,All types,,97,97.37,,,,,
SA_0000001547,2015,2015,,EUR,Europe,,FIN,Finland,,SA_TOTAL,All types,,4555,4555,,,,,
SA_0000001547,2015,2015,,EUR,Europe,,FRA,France,,SA_TOTAL,All types,,4,3.75,,,,,
SA_0000001547,2015,2015,,EUR,Europe,,GRC,Greece,,SA_TOTAL,All types,,2450,2450,,,,,
SA_0000001547,2015,2015,,EUR,Europe,,HRV,Croatia,,SA_TOTAL,All types,,693,693.49,,,,,
SA_0000001547,2015,2015,,EUR,Europe,,HUN,Hungary,,SA_TOTAL,All types,,5,5.22,,,,,
SA_0000001547,2015,2015,,EUR,Europe,,IRL,Ireland,,SA_TOTAL,All types,,521,520.65,,,,,
SA_0000001547,2015,2015,,EUR,Europe,,ITA,Italy,,SA_TOTAL,All types,,3,3.04,,,,,
SA_0000001547,2015,2015,,EUR,Europe,,LTU,Lithuania,,SA_TOTAL,All types,,72,72.12,,,,,
SA_0000001547,2015,2015,,EUR,Europe,,LUX,Luxembourg,,SA_TOTAL,All types,,1041,1041.15,,,,,
SA_0000001547,2015,2015,,EUR,Europe,,LVA,Latvia,,SA_TOTAL,All types,,70,70,,,,,
SA_0000001547,2015,2015,,EUR,Europe,,MLT,Malta,,SA_TOTAL,All types,,1350,1350,,,,,
SA_0000001547,2015,2015,,EUR,Europe,,NLD,Netherlands,,SA_TOTAL,All types,,88,88.36,,,,,
SA_0000001547,2015,2015,,EUR,Europe,,POL,Poland,,SA_TOTAL,All types,,38,37.79,,,,,
SA_0000001547,2015,2015,,EUR,Europe,,PRT,Portugal,,SA_TOTAL,All types,,19,19.03,,,,,
SA_0000001547,2015,2015,,EUR,Europe,,ROU,Romania,,SA_TOTAL,All types,,743,743.06,,,,,
SA_0000001547,2015,2015,,EUR,Europe,,SVK,Slovakia,,SA_TOTAL,All types,,4,3.59,,,,,
SA_0000001547,2015,2015,,EUR,Europe,,SVN,Slovenia,,SA_TOTAL,All types,,1320,1320,,,,,
SA_0000001547,2015,2015,,EUR,Europe,,SWE,Sweden,,SA_TOTAL,All types,,5625,5624.86,,,,,
SA_0000001547,2015,2015,,AFR,Africa,,SWZ,Eswatini,,SA_TOTAL,All types,,824,824.07,,,,,
SA_0000001547,2014,2014,,EUR,Europe,,AUT,Austria,,SA_TOTAL,All types,,1200,1200,,,,,
SA_0000001547,2014,2014,,EUR,Europe,,BEL,Belgium,,SA_TOTAL,All types,,57,57.24,,,,,
SA_0000001547,2014,2014,,EUR,Europe,,BGR,Bulgaria,,SA_TOTAL,All types,,562,562.43,,,,,
SA_0000001547,2014,2014,,EUR,Europe,,CYP,Cyprus,,SA_TOTAL,All types,,957,956.82,,,,,
SA_0000001547,2014,2014,,EUR,Europe,,CZE,Czechia,,SA_TOTAL,All types,,1036,1036.29,,,,,
SA_0000001547,2014,2014,,EUR,Europe,,DEU,Germany,,SA_TOTAL,All types,,1303,1303,,,,,
SA_0000001547,2014,2014,,EUR,Europe,,DNK,Denmark,,SA_TOTAL,All types,,8,7.53,,,,,
SA_0000001547,2014,2014,,EUR,Europe,,ESP,Spain,,SA_TOTAL,All types,,913,913.28,,,,,
SA_0000001547,2014,2014,,EUR,Europe,,EST,Estonia,,SA_TOTAL,All types,,97,97.37,,,,,
SA_0000001547,2014,2014,,EUR,Europe,,FIN,Finland,,SA_TOTAL,All types,,4555,4555,,,,,
SA_0000001547,2014,2014,,EUR,Europe,,FRA,France,,SA_TOTAL,All types,,4,3.75,,,,,
SA_0000001547,2014,2014,,EUR,Europe,,GBR,United Kingdom of Great Britain and Northern Ireland,,SA_TOTAL,All types,,3554,3554.36,,,,,
SA_0000001547,2014,2014,,EUR,Europe,,GRC,Greece,,SA_TOTAL,All types,,3,3.12,,,,,
SA_0000001547,2014,2014,,EUR,Europe,,HRV,Croatia,,SA_TOTAL,All types,,693,693.49,,,,,
SA_0000001547,2014,2014,,EUR,Europe,,HUN,Hungary,,SA_TOTAL,All types,,5,5.22,,,,,
SA_0000001547,2014,2014,,EUR,Europe,,IRL,Ireland,,SA_TOTAL,All types,,521,520.65,,,,,
SA_0000001547,2014,2014,,EUR,Europe,,ITA,Italy,,SA_TOTAL,All types,,2,2.35,,,,,
SA_0000001547,2014,2014,,EUR,Europe,,KAZ,Kazakhstan,,SA_TOTAL,All types,,5,5,,,,,
SA_0000001547,2014,2014,,EUR,Europe,,LTU,Lithuania,,SA_TOTAL,All types,,57,57.34,,,,,
SA_0000001547,2014,2014,,EUR,Europe,,LUX,Luxembourg,,SA_TOTAL,All types,,1041,1041.15,,,,,
SA_0000001547,2014,2014,,EUR,Europe,,LVA,Latvia,,SA_TOTAL,All types,,65,64.64,,,,,
SA_0000001547,2014,2014,,EUR,Europe,,MLT,Malta,,SA_TOTAL,All types,,1350,1350,,,,,
SA_0000001547,2014,2014,,EUR,Europe,,NLD,Netherlands,,SA_TOTAL,All types,,88,88.36,,,,,
SA_0000001547,2014,2014,,EUR,Europe,,POL,Poland,,SA_TOTAL,All types,,38,37.79,,,,,
SA_0000001547,2014,2014,,EUR,Europe,,PRT,Portugal,,SA_TOTAL,All types,,19,19.03,,,,,
SA_0000001547,2014,2014,,EUR,Europe,,ROU,Romania,,SA_TOTAL,All types,,750,750,,,,,
SA_0000001547,2014,2014,,EUR,Europe,,SVK,Slovakia,,SA_TOTAL,All types,,4,3.59,,,,,
SA_0000001547,2014,2014,,EUR,Europe,,SVN,Slovenia,,SA_TOTAL,All types,,1320,1320,,,,,
SA_0000001547,2014,2014,,EUR,Europe,,SWE,Sweden,,SA_TOTAL,All types,,5625,5624.86,,,,,
SA_0000001547,2013,2013,,EUR,Europe,,AUT,Austria,,SA_TOTAL,All types,,1000,1000,,,,,
SA_0000001547,2013,2013,,EUR,Europe,,BEL,Belgium,,SA_TOTAL,All types,,53,52.75,,,,,
SA_0000001547,2013,2013,,EUR,Europe,,BGR,Bulgaria,,SA_TOTAL,All types,,562,562.43,,,,,
SA_0000001547,2013,2013,,EUR,Europe,,CYP,Cyprus,,SA_TOTAL,All types,,957,956.82,,,,,
SA_0000001547,2013,2013,,EUR,Europe,,CZE,Czechia,,SA_TOTAL,All types,,1136,1136.36,,,,,
SA_0000001547,2013,2013,,EUR,Europe,,DEU,Germany,,SA_TOTAL,All types,,1303,1303,,,,,
SA_0000001547,2013,2013,,EUR,Europe,,DNK,Denmark,,SA_TOTAL,All types,,9,8.55,,,,,
SA_0000001547,2013,2013,,EUR,Europe,,ESP,Spain,,SA_TOTAL,All types,,830,830.25,,,,,
SA_0000001547,2013,2013,,EUR,Europe,,EST,Estonia,,SA_TOTAL,All types,,81,80.64,,,,,
SA_0000001547,2013,2013,,EUR,Europe,,FIN,Finland,,SA_TOTAL,All types,,4340,4340,,,,,
SA_0000001547,2013,2013,,EUR,Europe,,FRA,France,,SA_TOTAL,All types,,4,3.66,,,,,
SA_0000001547,2013,2013,,EUR,Europe,,GBR,United Kingdom of Great Britain and Northern Ireland,,SA_TOTAL,All types,,3535,3535.01,,,,,
SA_0000001547,2013,2013,,EUR,Europe,,GRC,Greece,,SA_TOTAL,All types,,3,3.12,,,,,
SA_0000001547,2013,2013,,EUR,Europe,,HRV,Croatia,,SA_TOTAL,All types,,714,713.76,,,,,
SA_0000001547,2013,2013,,EUR,Europe,,HUN,Hungary,,SA_TOTAL,All types,,5,4.99,,,,,
SA_0000001547,2013,2013,,EUR,Europe,,IRL,Ireland,,SA_TOTAL,All types,,454,454.23,,,,,
SA_0000001547,2013,2013,,EUR,Europe,,ITA,Italy,,SA_TOTAL,All types,,800,800.01,,,,,
SA_0000001547,2013,2013,,EUR,Europe,,KAZ,Kazakhstan,,SA_TOTAL,All types,,3,2.5,,,,,
SA_0000001547,2013,2013,,EUR,Europe,,LTU,Lithuania,,SA_TOTAL,All types,,57,57.34,,,,,
SA_0000001547,2013,2013,,EUR,Europe,,LUX,Luxembourg,,SA_TOTAL,All types,,1041,1041.15,,,,,
SA_0000001547,2013,2013,,EUR,Europe,,LVA,Latvia,,SA_TOTAL,All types,,65,64.64,,,,,
SA_0000001547,2013,2013,,EUR,Europe,,MLT,Malta,,SA_TOTAL,All types,,1400,1400,,,,,
SA_0000001547,2013,2013,,EUR,Europe,,NLD,Netherlands,,SA_TOTAL,All types,,84,83.56,,,,,
SA_0000001547,2013,2013,,EUR,Europe,,POL,Poland,,SA_TOTAL,All types,,38,38.48,,,,,
SA_0000001547,2013,2013,,EUR,Europe,,PRT,Portugal,,SA_TOTAL,All types,,18,18.3,,,,,
SA_0000001547,2013,2013,,EUR,Europe,,ROU,Romania,,SA_TOTAL,All types,,750,750,,,,,
SA_0000001547,2013,2013,,EUR,Europe,,SVK,Slovakia,,SA_TOTAL,All types,,4,3.59,,,,,
SA_0000001547,2013,2013,,EUR,Europe,,SVN,Slovenia,,SA_TOTAL,All types,,1200,1200,,,,,
SA_0000001547,2013,2013,,EUR,Europe,,SWE,Sweden,,SA_TOTAL,All types,,5918,5917.67,,,,,
SA_0000001547,2012,2012,,EUR,Europe,,AUT,Austria,,SA_TOTAL,All types,,2,2.4,,,,,
SA_0000001547,2012,2012,,EUR,Europe,,BEL,Belgium,,SA_TOTAL,All types,,53,52.75,,,,,
SA_0000001547,2012,2012,,EUR,Europe,,BGR,Bulgaria,,SA_TOTAL,All types,,562,562.43,,,,,
SA_0000001547,2012,2012,,EUR,Europe,,CYP,Cyprus,,SA_TOTAL,All types,,957,956.82,,,,,
SA_0000001547,2012,2012,,EUR,Europe,,CZE,Czechia,,SA_TOTAL,All types,,1136,1136.36,,,,,
SA_0000001547,2012,2012,,EUR,Europe,,DEU,Germany,,SA_TOTAL,All types,,1303,1303,,,,,
SA_0000001547,2012,2012,,EUR,Europe,,DNK,Denmark,,SA_TOTAL,All types,,9,8.55,,,,,
SA_0000001547,2012,2012,,EUR,Europe,,ESP,Spain,,SA_TOTAL,All types,,10,9.96,,,,,
SA_0000001547,2012,2012,,EUR,Europe,,EST,Estonia,,SA_TOTAL,All types,,81,80.64,,,,,
SA_0000001547,2012,2012,,EUR,Europe,,FIN,Finland,,SA_TOTAL,All types,,4340,4340,,,,,
SA_0000001547,2012,2012,,EUR,Europe,,FRA,France,,SA_TOTAL,All types,,4,3.66,,,,,
SA_0000001547,2012,2012,,EUR,Europe,,GBR,United Kingdom of Great Britain and Northern Ireland,,SA_TOTAL,All types,,334,334.11,,,,,
SA_0000001547,2012,2012,,EUR,Europe,,GRC,Greece,,SA_TOTAL,All types,,2550,2550,,,,,
SA_0000001547,2012,2012,,EUR,Europe,,HRV,Croatia,,SA_TOTAL,All types,,706,706,,,,,
SA_0000001547,2012,2012,,EUR,Europe,,HUN,Hungary,,SA_TOTAL,All types,,984,984,,,,,
SA_0000001547,2012,2012,,EUR,Europe,,IRL,Ireland,,SA_TOTAL,All types,,454,454.23,,,,,
SA_0000001547,2012,2012,,EUR,Europe,,ITA,Italy,,SA_TOTAL,All types,,800,800.01,,,,,
SA_0000001547,2012,2012,,EUR,Europe,,LTU,Lithuania,,SA_TOTAL,All types,,57,57.34,,,,,
SA_0000001547,2012,2012,,EUR,Europe,,LUX,Luxembourg,,SA_TOTAL,All types,,1041,1041.15,,,,,
SA_0000001547,2012,2012,,EUR,Europe,,LVA,Latvia,,SA_TOTAL,All types,,65,64.64,,,,,
SA_0000001547,2012,2012,,EUR,Europe,,MKD,North Macedonia,,SA_TOTAL,All types,,488,488,,,,,
SA_0000001547,2012,2012,,EUR,Europe,,MLT,Malta,,SA_TOTAL,All types,,2,1.5,,,,,
SA_0000001547,2012,2012,,EUR,Europe,,MNE,Montenegro,,SA_TOTAL,All types,,650,650,,,,,
SA_0000001547,2012,2012,,EUR,Europe,,NLD,Netherlands,,SA_TOTAL,All types,,84,83.56,,,,,
SA_0000001547,2012,2012,,EUR,Europe,,POL,Poland,,SA_TOTAL,All types,,36,36.06,,,,,
SA_0000001547,2012,2012,,EUR,Europe,,PRT,Portugal,,SA_TOTAL,All types,,18,18.43,,,,,
SA_0000001547,2012,2012,,EUR,Europe,,ROU,Romania,,SA_TOTAL,All types,,750,750,,,,,
SA_0000001547,2012,2012,,EUR,Europe,,SRB,Serbia,,SA_TOTAL,All types,,651,651,,,,,
SA_0000001547,2012,2012,,EUR,Europe,,SVK,Slovakia,,SA_TOTAL,All types,,4,3.59,,,,,
SA_0000001547,2012,2012,,EUR,Europe,,SVN,Slovenia,,SA_TOTAL,All types,,1200,1200,,,,,
SA_0000001547,2012,2012,,EUR,Europe,,SWE,Sweden,,SA_TOTAL,All types,,5474,5474.39,,,,,
SA_0000001547,2012,2012,,EUR,Europe,,TKM,Turkmenistan,,SA_TOTAL,All types,,79,79.43,,,,,
SA_0000001547,2011,2011,,EUR,Europe,,AUT,Austria,,SA_TOTAL,All types,,2,2.4,,,,,
SA_0000001547,2011,2011,,EUR,Europe,,BEL,Belgium,,SA_TOTAL,All types,,1752,1752.2,,,,,
SA_0000001547,2011,2011,,EUR,Europe,,BGR,Bulgaria,,SA_TOTAL,All types,,562,562.43,,,,,
SA_0000001547,2011,2011,,EUR,Europe,,CHE,Switzerland,,SA_TOTAL,All types,,416,416,,,,,
SA_0000001547,2011,2011,,EUR,Europe,,CYP,Cyprus,,SA_TOTAL,All types,,598,598.01,,,,,
SA_0000001547,2011,2011,,EUR,Europe,,CZE,Czechia,,SA_TOTAL,All types,,1146,1145.59,,,,,
SA_0000001547,2011,2011,,EUR,Europe,,DEU,Germany,,SA_TOTAL,All types,,1303,1303,,,,,
SA_0000001547,2011,2011,,EUR,Europe,,DNK,Denmark,,SA_TOTAL,All types,,9,8.61,,,,,
SA_0000001547,2011,2011,,EUR,Europe,,ESP,Spain,,SA_TOTAL,All types,,10,9.96,,,,,
SA_0000001547,2011,2011,,EUR,Europe,,EST,Estonia,,SA_TOTAL,All types,,77,76.8,,,,,
SA_0000001547,2011,2011,,EUR,Europe,,FIN,Finland,,SA_TOTAL,All types,,4340,4340,,,,,
SA_0000001547,2011,2011,,EUR,Europe,,FRA,France,,SA_TOTAL,All types,,4,3.6,,,,,
SA_0000001547,2011,2011,,EUR,Europe,,GBR,United Kingdom of Great Britain and Northern Ireland,,SA_TOTAL,All types,,3119,3118.89,,,,,
SA_0000001547,2011,2011,,EUR,Europe,,GRC,Greece,,SA_TOTAL,All types,,3,3.12,,,,,
SA_0000001547,2011,2011,,EUR,Europe,,HRV,Croatia,,SA_TOTAL,All types,,707,707,,,,,
SA_0000001547,2011,2011,,EUR,Europe,,HUN,Hungary,,SA_TOTAL,All types,,984,984.38,,,,,
SA_0000001547,2011,2011,,EUR,Europe,,IRL,Ireland,,SA_TOTAL,All types,,3113,3113,,,,,
SA_0000001547,2011,2011,,EUR,Europe,,ISL,Iceland,,SA_TOTAL,All types,,6825,6825,,,,,
SA_0000001547,2011,2011,,EUR,Europe,,ITA,Italy,,SA_TOTAL,All types,,800,800.01,,,,,
SA_0000001547,2011,2011,,EUR,Europe,,LTU,Lithuania,,SA_TOTAL,All types,,57,57.34,,,,,
SA_0000001547,2011,2011,,EUR,Europe,,LUX,Luxembourg,,SA_TOTAL,All types,,1041,1041.15,,,,,
SA_0000001547,2011,2011,,EUR,Europe,,LVA,Latvia,,SA_TOTAL,All types,,63,63.45,,,,,
SA_0000001547,2011,2011,,EUR,Europe,,MLT,Malta,,SA_TOTAL,All types,,1400,1400,,,,,
SA_0000001547,2011,2011,,EUR,Europe,,NLD,Netherlands,,SA_TOTAL,All types,,71,70.56,,,,,
SA_0000001547,2011,2011,,EUR,Europe,,NOR,Norway,,SA_TOTAL,All types,,8587,8587,,,,,
SA_0000001547,2011,2011,,EUR,Europe,,POL,Poland,,SA_TOTAL,All types,,6,6.06,,,,,
SA_0000001547,2011,2011,,EUR,Europe,,PRT,Portugal,,SA_TOTAL,All types,,16,16.28,,,,,
SA_0000001547,2011,2011,,EUR,Europe,,ROU,Romania,,SA_TOTAL,All types,,750,750,,,,,
SA_0000001547,2011,2011,,EUR,Europe,,SVK,Slovakia,,SA_TOTAL,All types,,4,3.59,,,,,
SA_0000001547,2011,2011,,EUR,Europe,,SVN,Slovenia,,SA_TOTAL,All types,,1200,1200,,,,,
SA_0000001547,2011,2011,,EUR,Europe,,SWE,Sweden,,SA_TOTAL,All types,,5474,5474.39,,,,,
SA_0000001547,2011,2011,,EUR,Europe,,TUR,Türkiye,,SA_TOTAL,All types,,4215,4215,,,,,
SA_0000001547,2010,2010,,EUR,Europe,,AUT,Austria,,SA_TOTAL,All types,,2,2.4,,,,,
SA_0000001547,2010,2010,,EUR,Europe,,BEL,Belgium,,SA_TOTAL,All types,,47,47.1,,,,,
SA_0000001547,2010,2010,,EUR,Europe,,BGR,Bulgaria,,SA_TOTAL,All types,,562,562.43,,,,,
SA_0000001547,2010,2010,,EUR,Europe,,CHE,Switzerland,,SA_TOTAL,All types,,0,0,,,,,
SA_0000001547,2010,2010,,EUR,Europe,,CYP,Cyprus,,SA_TOTAL,All types,,598,598.01,,,,,
SA_0000001547,2010,2010,,EUR,Europe,,CZE,Czechia,,SA_TOTAL,All types,,2,1.51,,,,,
SA_0000001547,2010,2010,,EUR,Europe,,DEU,Germany,,SA_TOTAL,All types,,1303,1303,,,,,
SA_0000001547,2010,2010,,EUR,Europe,,DNK,Denmark,,SA_TOTAL,All types,,9,8.61,,,,,
SA_0000001547,2010,2010,,EUR,Europe,,ESP,Spain,,SA_TOTAL,All types,,10,9.96,,,,,
SA_0000001547,2010,2010,,EUR,Europe,,EST,Estonia,,SA_TOTAL,All types,,77,76.8,,,,,
SA_0000001547,2010,2010,,EUR,Europe,,FIN,Finland,,SA_TOTAL,All types,,3940,3940,,,,,
SA_0000001547,2010,2010,,EUR,Europe,,FRA,France,,SA_TOTAL,All types,,4,3.6,,,,,
SA_0000001547,2010,2010,,EUR,Europe,,GBR,United Kingdom of Great Britain and Northern Ireland,,SA_TOTAL,All types,,91,91.2,,,,,
SA_0000001547,2010,2010,,EUR,Europe,,GRC,Greece,,SA_TOTAL,All types,,3,3.12,,,,,
SA_0000001547,2010,2010,,EUR,Europe,,HRV,Croatia,,SA_TOTAL,All types,,3,2.73,,,,,
SA_0000001547,2010,2010,,EUR,Europe,,HUN,Hungary,,SA_TOTAL,All types,,3,2.81,,,,,
SA_0000001547,2010,2010,,EUR,Europe,,IRL,Ireland,,SA_TOTAL,All types,,8,7.5,,,,,
SA_0000001547,2010,2010,,EUR,Europe,,ITA,Italy,,SA_TOTAL,All types,,800,800.01,,,,,
SA_0000001547,2010,2010,,EUR,Europe,,LTU,Lithuania,,SA_TOTAL,All types,,57,57.34,,,,,
SA_0000001547,2010,2010,,EUR,Europe,,LUX,Luxembourg,,SA_TOTAL,All types,,10,9.5,,,,,
SA_0000001547,2010,2010,,EUR,Europe,,LVA,Latvia,,SA_TOTAL,All types,,63,63.45,,,,,
SA_0000001547,2010,2010,,EUR,Europe,,MLT,Malta,,SA_TOTAL,All types,,1400,1400,,,,,
SA_0000001547,2010,2010,,EUR,Europe,,NLD,Netherlands,,SA_TOTAL,All types,,71,70.56,,,,,
SA_0000001547,2010,2010,,EUR,Europe,,NOR,Norway,,SA_TOTAL,All types,,229,229,,,,,
SA_0000001547,2010,2010,,EUR,Europe,,POL,Poland,,SA_TOTAL,All types,,36,36.06,,,,,
SA_0000001547,2010,2010,,EUR,Europe,,PRT,Portugal,,SA_TOTAL,All types,,17,17.4,,,,,
SA_0000001547,2010,2010,,EUR,Europe,,ROU,Romania,,SA_TOTAL,All types,,750,750,,,,,
SA_0000001547,2010,2010,,EUR,Europe,,SVK,Slovakia,,SA_TOTAL,All types,,2,1.98,,,,,
SA_0000001547,2010,2010,,EUR,Europe,,SVN,Slovenia,,SA_TOTAL,All types,,20,19.8,,,,,
SA_0000001547,2010,2010,,EUR,Europe,,SWE,Sweden,,SA_TOTAL,All types,,8,7.82,,,,,
SA_0000001547,2009,2009,,EUR,Europe,,AUT,Austria,,SA_TOTAL,All types,,2,2.4,,,,,
SA_0000001547,2009,2009,,EUR,Europe,,BEL,Belgium,,SA_TOTAL,All types,,47,47.1,,,,,
SA_0000001547,2009,2009,,EUR,Europe,,BGR,Bulgaria,,SA_TOTAL,All types,,562,562.43,,,,,
SA_0000001547,2009,2009,,EUR,Europe,,CHE,Switzerland,,SA_TOTAL,All types,,320,320,,,,,
SA_0000001547,2009,2009,,EUR,Europe,,CYP,Cyprus,,SA_TOTAL,All types,,598,598.01,,,,,
SA_0000001547,2009,2009,,EUR,Europe,,CZE,Czechia,,SA_TOTAL,All types,,1121,1121,,,,,
SA_0000001547,2009,2009,,EUR,Europe,,DEU,Germany,,SA_TOTAL,All types,,1303,1303,,,,,
SA_0000001547,2009,2009,,EUR,Europe,,DNK,Denmark,,SA_TOTAL,All types,,83,82.5,,,,,
SA_0000001547,2009,2009,,EUR,Europe,,ESP,Spain,,SA_TOTAL,All types,,830,830.3,,,,,
SA_0000001547,2009,2009,,EUR,Europe,,EST,Estonia,,SA_TOTAL,All types,,73,73.1,,,,,
SA_0000001547,2009,2009,,EUR,Europe,,FIN,Finland,,SA_TOTAL,All types,,3940,3940,,,,,
SA_0000001547,2009,2009,,EUR,Europe,,FRA,France,,SA_TOTAL,All types,,3,2.75,,,,,
SA_0000001547,2009,2009,,EUR,Europe,,GBR,United Kingdom of Great Britain and Northern Ireland,,SA_TOTAL,All types,,100,99.8,,,,,
SA_0000001547,2009,2009,,EUR,Europe,,GRC,Greece,,SA_TOTAL,All types,,2,1.63,,,,,
SA_0000001547,2009,2009,,EUR,Europe,,HRV,Croatia,,SA_TOTAL,All types,,844,844.01,,,,,
SA_0000001547,2009,2009,,EUR,Europe,,HUN,Hungary,,SA_TOTAL,All types,,3,2.68,,,,,
SA_0000001547,2009,2009,,EUR,Europe,,IRL,Ireland,,SA_TOTAL,All types,,10,9.54,,,,,
SA_0000001547,2009,2009,,EUR,Europe,,ISL,Iceland,,SA_TOTAL,All types,,5844,5844,,,,,
SA_0000001547,2009,2009,,EUR,Europe,,ITA,Italy,,SA_TOTAL,All types,,800,800.01,,,,,
SA_0000001547,2009,2009,,EUR,Europe,,LTU,Lithuania,,SA_TOTAL,All types,,57,57.34,,,,,
SA_0000001547,2009,2009,,EUR,Europe,,LUX,Luxembourg,,SA_TOTAL,All types,,1041,1041.15,,,,,
SA_0000001547,2009,2009,,EUR,Europe,,LVA,Latvia,,SA_TOTAL,All types,,64,63.5,,,,,
SA_0000001547,2009,2009,,EUR,Europe,,MLT,Malta,,SA_TOTAL,All types,,1400,1400,,,,,
SA_0000001547,2009,2009,,EUR,Europe,,NLD,Netherlands,,SA_TOTAL,All types,,69,68.5,,,,,
SA_0000001547,2009,2009,,EUR,Europe,,NOR,Norway,,SA_TOTAL,All types,,7349,7349,,,,,
SA_0000001547,2009,2009,,EUR,Europe,,POL,Poland,,SA_TOTAL,All types,,37,37.2,,,,,
SA_0000001547,2009,2009,,EUR,Europe,,PRT,Portugal,,SA_TOTAL,All types,,17,16.9,,,,,
SA_0000001547,2009,2009,,EUR,Europe,,ROU,Romania,,SA_TOTAL,All types,,750,750,,,,,
SA_0000001547,2009,2009,,EUR,Europe,,SVK,Slovakia,,SA_TOTAL,All types,,939,939.4,,,,,
SA_0000001547,2009,2009,,EUR,Europe,,SVN,Slovenia,,SA_TOTAL,All types,,911,911,,,,,
SA_0000001547,2009,2009,,EUR,Europe,,SWE,Sweden,,SA_TOTAL,All types,,4921,4921.1,,,,,
SA_0000001547,2009,2009,,EUR,Europe,,TUR,Türkiye,,SA_TOTAL,All types,,888,888,,,,,
SA_0000001547,2008,2008,,EUR,Europe,,AUT,Austria,,SA_TOTAL,All types,,3,2.5,,,,,
SA_0000001547,2008,2008,,EUR,Europe,,BEL,Belgium,,SA_TOTAL,All types,,47,47.1,,,,,
SA_0000001547,2008,2008,,EUR,Europe,,BGR,Bulgaria,,SA_TOTAL,All types,,562,562.43,,,,,
SA_0000001547,2008,2008,,EUR,Europe,,CHE,Switzerland,,SA_TOTAL,All types,,0,0,,,,,
SA_0000001547,2008,2008,,EUR,Europe,,CYP,Cyprus,,SA_TOTAL,All types,,598,598.01,,,,,
SA_0000001547,2008,2008,,EUR,Europe,,CZE,Czechia,,SA_TOTAL,All types,,1,1.09,,,,,
SA_0000001547,2008,2008,,EUR,Europe,,CZE,Czechia,,SA_TOTAL,All types,,1061,1061,,,,,
SA_0000001547,2008,2008,,EUR,Europe,,DEU,Germany,,SA_TOTAL,All types,,1303,1303,,,,,
SA_0000001547,2008,2008,,EUR,Europe,,DNK,Denmark,,SA_TOTAL,All types,,82,82.3,,,,,
SA_0000001547,2008,2008,,EUR,Europe,,ESP,Spain,,SA_TOTAL,All types,,598,598,,,,,
SA_0000001547,2008,2008,,EUR,Europe,,EST,Estonia,,SA_TOTAL,All types,,67,66.5,,,,,
SA_0000001547,2008,2008,,EUR,Europe,,FIN,Finland,,SA_TOTAL,All types,,3580,3580,,,,,
SA_0000001547,2008,2008,,EUR,Europe,,FRA,France,,SA_TOTAL,All types,,3,2.75,,,,,
SA_0000001547,2008,2008,,EUR,Europe,,GBR,United Kingdom of Great Britain and Northern Ireland,,SA_TOTAL,All types,,2803,2803.4,,,,,
SA_0000001547,2008,2008,,EUR,Europe,,GRC,Greece,,SA_TOTAL,All types,,1306,1306,,,,,
SA_0000001547,2008,2008,,EUR,Europe,,HUN,Hungary,,SA_TOTAL,All types,,977,976.6,,,,,
SA_0000001547,2008,2008,,EUR,Europe,,IRL,Ireland,,SA_TOTAL,All types,,10,9.94,,,,,
SA_0000001547,2008,2008,,EUR,Europe,,ITA,Italy,,SA_TOTAL,All types,,800,800.01,,,,,
SA_0000001547,2008,2008,,EUR,Europe,,LTU,Lithuania,,SA_TOTAL,All types,,7,7.34,,,,,
SA_0000001547,2008,2008,,EUR,Europe,,LUX,Luxembourg,,SA_TOTAL,All types,,1041,1041.15,,,,,
SA_0000001547,2008,2008,,EUR,Europe,,LVA,Latvia,,SA_TOTAL,All types,,56,56.4,,,,,
SA_0000001547,2008,2008,,EUR,Europe,,MLT,Malta,,SA_TOTAL,All types,,1400,1400,,,,,
SA_0000001547,2008,2008,,EUR,Europe,,NLD,Netherlands,,SA_TOTAL,All types,,69,68.5,,,,,
SA_0000001547,2008,2008,,EUR,Europe,,NOR,Norway,,SA_TOTAL,All types,,518,517.7,,,,,
SA_0000001547,2008,2008,,EUR,Europe,,POL,Poland,,SA_TOTAL,All types,,47,46.7,,,,,
SA_0000001547,2008,2008,,EUR,Europe,,PRT,Portugal,,SA_TOTAL,All types,,17,16.9,,,,,
SA_0000001547,2008,2008,,EUR,Europe,,ROU,Romania,,SA_TOTAL,All types,,750,750,,,,,
SA_0000001547,2008,2008,,EUR,Europe,,SVK,Slovakia,,SA_TOTAL,All types,,939,939.4,,,,,
SA_0000001547,2008,2008,,EUR,Europe,,SVN,Slovenia,,SA_TOTAL,All types,,695,694.8,,,,,
SA_0000001547,2008,2008,,EUR,Europe,,SWE,Sweden,,SA_TOTAL,All types,,5155,5154.9,,,,,
